customer_id,first_name,last_name,email,phone,date_of_birth,address,income,account_status,created_date
1001,J***,M***,j***@gmail.com,***-***-1535,1985-**-**,[MASKED ADDRESS],219285.58,active,2018-10-25
1002,C***,U***,c***@gmail.com,***-***-8785,1973-**-**,[MASKED ADDRESS],196671.06,active,2019-04-06
1003,S***,J***,s***@gmail.com,***-***-4010,1974-**-**,[MASKED ADDRESS],208123.61,inactive,2017-05-14
1004,C***,M***,c***@company.co.uk,***-***-9197,1992-**-**,[MASKED ADDRESS],36363.71,active,2016-10-17
1005,M***,d***,m***@gmail.com,***-***-8797,1997-**-**,[MASKED ADDRESS],76896.43,active,2016-03-11
1006,D***,W***,d***@gmail.com,***-***-1832,1967-**-**,[MASKED ADDRESS],140185.95,suspended,2021-03-01
1007,O***,W***,o***@yahoo.com,***-***-6118,1986-**-**,[MASKED ADDRESS],,suspended,2015-10-04
1008,M***,T***,m***@yahoo.com,***-***-7744,1982-**-**,[MASKED ADDRESS],124750.80,suspended,2022-03-31
1009,C***,B***,c***@company.co.uk,***-***-7579,1946-**-**,[MASKED ADDRESS],242714.12,active,2020-06-12
1010,J***,S***,j***@company.co.uk,***-***-9105,1983-**-**,[MASKED ADDRESS],88697.13,inactive,2021-03-15
1011,M***,M***,m***@yahoo.com,***-***-9485,1995-**-**,[MASKED ADDRESS],77419.41,suspended,2018-07-19
1012,J***,v***,j***@yahoo.com,***-***-1127,1973-**-**,[MASKED ADDRESS],170896.35,active,2024-12-23
1013,P***,W***,p***@outlook.com,***-***-0832,1977-**-**,[MASKED ADDRESS],52971.76,suspended,2021-03-15
1014,D***,J***,d***@yahoo.com,***-***-0653,1958-**-**,[MASKED ADDRESS],233522.04,active,2015-04-12
1015,T***,M***,t***@gmail.com,***-***-7711,1981-**-**,[MASKED ADDRESS],218122.94,inactive,2020-09-17
1016,N***,S***,n***@yahoo.com,***-***-1776,1971-**-**,[MASKED ADDRESS],25430.84,suspended,2021-01-14
1325,D***,W***,d***@outlook.com,***-***-4920,1999-**-**,[MASKED ADDRESS],174169.72,suspended,2019-07-22
1018,[MISSING],v***,n***@company.co.uk,***-***-7752,2006-**-**,[MASKED ADDRESS],87948.57,active,2021-03-15
1019,L***,v***,l***@company.co.uk,***-***-0090,1949-**-**,[MASKED ADDRESS],43519.27,inactive,2021-04-08
1020,L***,N***,l***@gmail.com,***-***-7777,1962-**-**,[MASKED ADDRESS],70105.99,suspended,2016-09-09
1021,D***,H***,d***@gmail.com,***-***-9569,1941-**-**,,85173.97,inactive,2023-03-29
1022,G***,T***,g***@gmail,***-***-6624,1981-**-**,[MASKED ADDRESS],166046.17,inactive,2017-12-01
1023,C***,U***,c***@company.co.uk,***-***-0317,1944-**-**,[MASKED ADDRESS],22292.05,active,2017-09-04
1024,M***,D***,m***@yahoo.com,***-***-1876,1954-**-**,[MASKED ADDRESS],183028.46,suspended,2017-09-21
1025,O***,v***,o***@company.co.uk,,1983-**-**,[MASKED ADDRESS],167857.49,suspended,2020-03-19
1026,P***,M***,p***@company.co.uk,***-***-9999,,[MASKED ADDRESS],155096.43,unknown,2015-12-17
1027,N***,M***,n***@gmail.com,***-***-3986,1992-**-**,[MASKED ADDRESS],180170.91,inactive,2023-02-02
1028,N***,M***,n***@outlook.com,***-***-9777,1949-**-**,[MASKED ADDRESS],44747.00,active,2022-10-27
1029,J***,S***,j***@company.co.uk,***-***-7827,1945-**-**,[MASKED ADDRESS],35017.51,suspended,2021-10-19
1030,M***,D***,m***@company.co.uk,***-***-9988,1948-**-**,[MASKED ADDRESS],144718.18,inactive,2021-08-29
1031,T***,D***,t***@outlook.com,***-***-3241,1988-**-**,[MASKED ADDRESS],154835.35,inactive,2020-04-03
1032,P***,M***,p***@company.co.uk,***-***-0423,2000-**-**,[MASKED ADDRESS],125567.69,inactive,2021-07-25
1033,M***,H***,m***@yahoo.com,***-***-4722,1975-**-**,[MASKED ADDRESS],242993.41,suspended,2021-03-15
1034,T***,N***,t***@company.co.uk,***-***-8998,1965-**-**,[MASKED ADDRESS],181798.96,active,2016-01-17
1035,S***,B***,s***@outlook.com,***-***-7905,1961-**-**,[MASKED ADDRESS],47079.46,inactive,2023-11-01
1036,A***,v***,a***@yahoo.com,***-***-5446,1988-**-**,[MASKED ADDRESS],111532.15,inactive,2024-02-06
1037,D***,M***,d***@gmail.com,***-***-8617,1941-**-**,[MASKED ADDRESS],177785.58,inactive,2024-08-20
1038,D***,M***,d***,***-***-1480,1948-**-**,[MASKED ADDRESS],202093.71,inactive,2017-09-27
1039,E***,W***,e***@yahoo.com,***-***-3804,1962-**-**,[MASKED ADDRESS],237130.37,inactive,2019-10-04
1040,A***,U***,a***@company.co.uk,,1975-**-**,[MASKED ADDRESS],69077.82,active,2021-12-18
1041,D***,J***,d***@outlook.com,***-***-5352,1955-**-**,[MASKED ADDRESS],236884.14,inactive,2018-10-19
1042,M***,M***,m***@mail.company.co.uk,***-***-1479,1941-**-**,[MASKED ADDRESS],104540.99,inactive,2017-08-15
1043,N***,d***,n***@mail.company.co.uk,***-***-6689,1944-**-**,[MASKED ADDRESS],121606.28,suspended,2021-01-21
1044,D***,B***,d***@outlook.com,***-***-7264,1961-**-**,[MASKED ADDRESS],43707.53,inactive,2017-05-18
1045,J***,T***,j***@yahoo.com,***-***-3394,1960-**-**,[MASKED ADDRESS],141950.63,active,2015-04-16
1046,G***,S***,g***@company.co.uk,***-***-7802,1972-**-**,[MASKED ADDRESS],228556.65,inactive,2021-03-15
1047,N***,B***,n***@gmail.com,***-***-2430,1964-**-**,[MASKED ADDRESS],133804.50,suspended,2022-05-05
1048,D***,M***,d***@company.co.uk,***-***-6992,1962-**-**,[MASKED ADDRESS],37692.64,active,2021-07-30
1049,S***,H***,s***@outlook.com,***-***-9468,1953-**-**,[MASKED ADDRESS],80463.53,inactive,2023-08-10
1050,D***,d***,d***@outlook.com,***-***-5062,,[MASKED ADDRESS],36563.06,inactive,2018-10-28
1051,C***,v***,c***@yahoo.com,***-***-1336,1999-**-**,[MASKED ADDRESS],96115.62,suspended,2020-06-16
1052,G***,d***,g***@yahoo.com,***-***-4742,1940-**-**,[MASKED ADDRESS],146300.04,inactive,2024-08-30
1053,L***,T***,l***@company.co.uk,***-***-5321,1995-**-**,[MASKED ADDRESS],109105.71,inactive,2017-06-26
1054,M***,N***,m***@outlook.com,***-***-2419,1953-**-**,[MASKED ADDRESS],124028.97,suspended,2024-11-21
1055,O***,T***,o***@company.co.uk,***-***-0920,1946-**-**,[MASKED ADDRESS],218098.76,suspended,2019-04-24
1056,J***,v***,j***@company.co.uk,***-***-1695,1970-**-**,[MASKED ADDRESS],138156.11,inactive,2018-03-04
1057,O***,T***,o***@company.co.uk,***-***-9874,1969-**-**,[MASKED ADDRESS],45303.64,active,2019-03-23
1058,D***,N***,d***@outlook.com,***-***-3509,1983-**-**,[MASKED ADDRESS],141846.13,suspended,2023-08-05
1059,D***,d***,d***@company.co.uk,***-***-3891,1994-**-**,[MASKED ADDRESS],60593.80,suspended,2020-03-06
1060,M***,M***,m***@gmail.com,***-***-7873,1989-**-**,[MASKED ADDRESS],227746.96,inactive,2017-06-28
1061,J***,U***,j***@gmail.com,***-***-1623,1998-**-**,[MASKED ADDRESS],47616.28,inactive,2015-11-21
1062,O***,B***,o***@gmail.com,***-***-7489,1984-**-**,[MASKED ADDRESS],71532.60,suspended,2020-11-14
1063,M***,N***,m***@company.co.uk,***-***-4155,1972-**-**,[MASKED ADDRESS],46351.25,inactive,2016-12-18
1064,J***,D***,j***@company.co.uk,***-***-3268,1968-**-**,[MASKED ADDRESS],82236.06,active,2018-09-21
1065,T***,D***,t***@yahoo.com,***-***-8507,1947-**-**,[MASKED ADDRESS],92061.18,inactive,2021-03-15
1066,L***,J***,l***@gmail.com,***-***-5952,2000-**-**,[MASKED ADDRESS],197951.11,inactive,2015-05-13
1067,S***,W***,s***@company.co.uk,***-***-1858,1986-**-**,[MASKED ADDRESS],249145.80,inactive,2016-07-09
1068,L***,T***,l***@gmail.com,***-***-2852,1985-**-**,[MASKED ADDRESS],149485.19,suspended,2024-11-30
1069,J***,H***,j***@outlook.com,***-***-8476,1989-**-**,[MASKED ADDRESS],136754.00,active,2022-12-15
1070,M***,W***,m***@outlook.com,***-***-8740,1997-**-**,[MASKED ADDRESS],94340.60,active,2015-04-27
1071,M***,W***,m***@gmail.com,***-***-4745,1967-**-**,[MASKED ADDRESS],112671.11,inactive,2018-07-04
1072,S***,D***,s***@gmail.com,***-***-4382,1952-**-**,[MASKED ADDRESS],234431.61,active,2020-08-02
1073,A***,W***,a***@yahoo.com,***-***-0828,1993-**-**,[MASKED ADDRESS],77151.13,inactive,2019-06-29
1074,S***,W***,s***@gmail.com,***-***-1946,1948-**-**,[MASKED ADDRESS],,inactive,2016-09-02
1075,C***,T***,c***@outlook.com,***-***-8351,2003-**-**,[MASKED ADDRESS],152170.00,suspended,2022-01-21
1076,M***,J***,m***@company.co.uk,***-***-0517,2002-**-**,[MASKED ADDRESS],111438.69,inactive,2023-04-02
1077,M***,T***,m***@company.co.uk,***-***-8734,1971-**-**,[MASKED ADDRESS],67843.75,inactive,2022-11-27
1078,C***,O***,c***@outlook.com,***-***-8899,1975-**-**,[MASKED ADDRESS],232142.26,suspended,2017-04-07
1079,N***,D***,n***@yahoo.com,***-***-3697,1944-**-**,[MASKED ADDRESS],144332.85,inactive,2024-11-16
1080,D***,A***,d***@gmail.com,***-***-0611,1955-**-**,[MASKED ADDRESS],241100.87,unknown,2021-10-04
1081,A***,O***,a***@gmail.com,***-***-3159,1969-**-**,,200830.40,active,2024-08-07
1082,T***,W***,t***@yahoo.com,***-***-4272,1980-**-**,[MASKED ADDRESS],29599.22,inactive,2022-09-11
1083,A***,A***,a***@yahoo.com,***-***-9924,2002-**-**,[MASKED ADDRESS],34239.52,suspended,2021-04-29
1084,M***,O***,m***@company.co.uk,***-***-9554,1985-**-**,[MASKED ADDRESS],146317.34,inactive,2019-06-10
1085,[MISSING],J***,n***@mail.company.co.uk,***-***-0519,1956-**-**,[MASKED ADDRESS],175441.63,suspended,2024-08-24
1086,N***,D***,n***@gmail.com,***-***-8920,1974-**-**,[MASKED ADDRESS],185380.63,suspended,2023-08-04
1087,G***,B***,g***@gmail.com,***-***-7191,1959-**-**,[MASKED ADDRESS],150706.58,inactive,2024-10-29
1088,G***,T***,g***@yahoo.com,***-***-8120,1970-**-**,[MASKED ADDRESS],192287.78,active,2022-12-08
1089,J***,H***,j***@yahoo.com,***-***-1295,1973-**-**,[MASKED ADDRESS],220300.81,suspended,2021-04-08
1090,C***,S***,c***@gmail.com,***-***-3974,2003-**-**,[MASKED ADDRESS],87479.24,inactive,2024-01-02
1091,C***,J***,c***@yahoo.com,***-***-9065,1991-**-**,[MASKED ADDRESS],72746.55,suspended,2021-03-15
1092,D***,D***,d***@yahoo.com,***-***-3015,1988-**-**,[MASKED ADDRESS],16500.20,suspended,2022-12-06
1093,L***,d***,l***@company.co.uk,***-***-8719,,[MASKED ADDRESS],204449.41,active,2020-11-17
1094,M***,J***,m***@mail.company.co.uk,***-***-3984,1960-**-**,[MASKED ADDRESS],,active,2019-11-13
1095,S***,J***,s***@company.co.uk,***-***-4593,1990-**-**,[MASKED ADDRESS],207862.32,active,2021-03-15
1096,N***,O***,n***@yahoo.com,***-***-1284,1971-**-**,[MASKED ADDRESS],154968.04,inactive,2020-01-20
1097,N***,v***,n***@outlook.com,***-***-1344,1974-**-**,[MASKED ADDRESS],87442.85,inactive,2015-12-24
AB-2524,N***,B***,n***@gmail.com,***-***-6779,1947-**-**,[MASKED ADDRESS],85765.85,active,2018-02-04
1099,M***,M***,m***@yahoo.com,***-***-0110,1969-**-**,[MASKED ADDRESS],46989.25,suspended,2018-07-10
1100,C***,M***,c***@outlook.com,***-***-1865,1957-**-**,[MASKED ADDRESS],64267.37,suspended,2024-07-04
1101,J***,A***,j***@company.co.uk,***-***-9796,1975-**-**,[MASKED ADDRESS],229884.29,active,2018-12-25
1102,M***,U***,m***@company.co.uk,***-***-3637,1986-**-**,[MASKED ADDRESS],153318.64,inactive,2020-05-31
1103,M***,D***,m***@yahoo.com,***-***-1599,2002-**-**,[MASKED ADDRESS],95623.32,active,2023-04-22
1104,E***,H***,e***@company.co.uk,***-***-7080,2006-**-**,[MASKED ADDRESS],80411.04,active,2023-12-19
1105,C***,B***,c***@outlook.com,***-***-9617,1971-**-**,[MASKED ADDRESS],86764.30,suspended,2019-05-11
1106,N***,M***,n***@yahoo.com,***-***-2298,1980-**-**,[MASKED ADDRESS],133777.93,suspended,2022-12-18
1107,M***,M***,m***@outlook.com,***-***-8115,1950-**-**,[MASKED ADDRESS],247597.30,suspended,2018-05-04
1108,J***,B***,j***@gmail.com,***-***-7015,1952-**-**,[MASKED ADDRESS],91058.60,inactive,2024-08-15
1109,S***,H***,s***@yahoo.com,***-***-2396,1962-**-**,[MASKED ADDRESS],103165.50,active,2023-05-30
1110,S***,M***,,***-***-7511,2002-**-**,[MASKED ADDRESS],90873.31,suspended,2021-05-07
1.111E+00,J***,D***,j***@company.co.uk,***-***-2161,1967-**-**,[MASKED ADDRESS],167494.13,suspended,2022-11-04
1112,M***,S***,m***@yahoo.com,***-***-0132,1950-**-**,[MASKED ADDRESS],204399.86,inactive,2021-03-15
1113,D***,D***,d***@yahoo.com,***-***-2480,1995-**-**,[MASKED ADDRESS],105247.50,inactive,2017-10-11
1114,N***,d***,n***@gmail.com,***-***-4942,1994-**-**,[MASKED ADDRESS],41494.76,suspended,2024-12-19
1115,C***,v***,c***@yahoo.com,***-***-0273,1941-**-**,[MASKED ADDRESS],195270.85,inactive,2021-01-06
1116,M***,N***,m***@yahoo.com,***-***-1083,1979-**-**,[MASKED ADDRESS],158889.75,suspended,2023-04-22
1117,[MISSING],M***,n***@outlook.com,***-***-4403,1950-**-**,[MASKED ADDRESS],244136.89,inactive,2019-01-15
1118,E***,T***,e***@gmail.com,***-***-0721,1941-**-**,[MASKED ADDRESS],216509.02,suspended,2019-09-14
1119,C***,W***,c***@gmail.com,***-***-6568,1981-**-**,[MASKED ADDRESS],83524.85,suspended,2020-03-15
1120,D***,O***,d***@mail.company.co.uk,***-***-8872,2002-**-**,[MASKED ADDRESS],63220.68,inactive,2015-09-03
1121,P***,M***,p***@outlook.com,***-***-9515,1951-**-**,[MASKED ADDRESS],76332.87,inactive,2023-04-01
1122,G***,W***,g***@gmail.com,***-***-7635,1950-**-**,[MASKED ADDRESS],204785.27,suspended,2015-06-15
1123,D***,M***,d***@gmail.com,***-***-2848,1980-**-**,[MASKED ADDRESS],29492.26,active,2024-03-27
1124,D***,v***,d***@mail.company.co.uk,***-***-7265,1948-**-**,[MASKED ADDRESS],149862.79,inactive,2019-04-17
1125,D***,T***,d***@gmail.com,***-***-4835,1989-**-**,[MASKED ADDRESS],202341.52,suspended,2019-04-16
1126,N***,J***,n***@company.co.uk,***-***-9783,1965-**-**,[MASKED ADDRESS],71670.91,suspended,2017-06-17
1127,N***,M***,n***@mail.company.co.uk,***-***-5761,1990-**-**,[MASKED ADDRESS],69666.49,suspended,2018-09-20
1128,D***,M***,d***@outlook.com,***-***-2320,1987-**-**,[MASKED ADDRESS],47066.14,inactive,2020-06-18
1129,N***,d***,n***@yahoo.com,***-***-4825,,[MASKED ADDRESS],242369.95,suspended,2020-07-25
1130,G***,T***,g***@gmail.com,***-***-5500,1963-**-**,[MASKED ADDRESS],105695.22,active,2020-07-12
1131,N***,M***,n***@yahoo.com,***-***-0547,1968-**-**,[MASKED ADDRESS],32625.57,active,2021-11-18
1132,T***,M***,t***@gmail.com,***-***-6705,2004-**-**,[MASKED ADDRESS],149365.90,active,2015-01-16
1133,D***,W***,d***@mail.company.co.uk,***-***-1892,1975-**-**,[MASKED ADDRESS],119757.19,inactive,2024-05-21
1134,S***,J***,s***@yahoo.com,***-***-8561,1988-**-**,[MASKED ADDRESS],182861.84,suspended,2022-08-07
1135,L***,M***,l***@yahoo.com,***-***-7133,1996-**-**,[MASKED ADDRESS],145745.59,inactive,
1136,M***,B***,m***@mail.company.co.uk,***-***-1654,1988-**-**,[MASKED ADDRESS],23804.43,active,2022-08-20
1137,C***,J***,c***@outlook.com,***-***-4593,2002-**-**,[MASKED ADDRESS],90404.05,suspended,2017-02-08
1138,T***,N***,t***@yahoo.com,***-***-6609,1987-**-**,[MASKED ADDRESS],73630.21,inactive,2018-01-27
1139,N***,B***,n***@company.co.uk,***-***-7775,1971-**-**,[MASKED ADDRESS],215648.01,active,2022-04-05
1140,D***,S***,d***@gmail.com,***-***-2837,1940-**-**,[MASKED ADDRESS],122864.53,inactive,2024-03-30
1141,J***,J***,j***@outlook.com,***-***-1045,1964-**-**,[MASKED ADDRESS],226426.46,suspended,2018-08-02
1142,D***,A***,d***@company.co.uk,***-***-9372,1970-**-**,[MASKED ADDRESS],220976.27,active,2023-04-23
1143,E***,T***,e***@yahoo.com,***-***-5428,1992-**-**,[MASKED ADDRESS],160853.85,active,2024-09-23
1144,T***,D***,t***@mail.company.co.uk,***-***-5183,1956-**-**,[MASKED ADDRESS],79279.05,active,2016-10-10
1145,M***,H***,m***@company.co.uk,***-***-3267,1941-**-**,[MASKED ADDRESS],68172.44,inactive,2019-04-21
1146,M***,A***,m***@outlook.com,***-***-5615,1983-**-**,[MASKED ADDRESS],246446.69,active,2016-11-23
1147,J***,T***,j***@gmail.com,***-***-0323,1950-**-**,[MASKED ADDRESS],,suspended,2020-11-01
1148,D***,B***,d***@outlook.com,***-***-3254,1963-**-**,[MASKED ADDRESS],228933.81,inactive,
1149,M***,D***,m***@gmail.com,***-***-3787,1966-**-**,[MASKED ADDRESS],174040.14,active,2023-07-03
1150,[MISSING],M***,n***@gmail.com,***-***-5615,1975-**-**,[MASKED ADDRESS],167478.92,active,2023-02-23
1151,E***,v***,e***@company.co.uk,***-***-5875,2001-**-**,[MASKED ADDRESS],29883.97,active,2022-08-08
1152,M***,T***,m***@gmail.com,***-***-7895,2000-**-**,[MASKED ADDRESS],125282.90,active,2021-03-15
1153,P***,M***,p***@yahoo.com,***-***-9388,1984-**-**,[MASKED ADDRESS],144038.22,suspended,2022-02-24
1154,D***,D***,d***@gmail.com,***-***-9177,1993-**-**,[MASKED ADDRESS],95218.92,inactive,2019-03-12
1155,E***,H***,e***@yahoo.com,***-***-7488,1957-**-**,[MASKED ADDRESS],196454.12,suspended,2021-03-15
1156,M***,O***,m***@mail.company.co.uk,***-***-9479,1951-**-**,[MASKED ADDRESS],194158.04,inactive,2020-01-29
1157,O***,N***,o***@outlook.com,***-***-3560,1995-**-**,[MASKED ADDRESS],181932.89,suspended,2021-05-26
1158,N***,H***,n***@gmail.com,***-***-0927,1954-**-**,[MASKED ADDRESS],142175.44,inactive,2024-09-25
1159,G***,O***,g***@outlook.com,***-***-6349,2001-**-**,[MASKED ADDRESS],198517.35,active,2022-11-26
1160,M***,d***,m***@yahoo.com,***-***-1220,1955-**-**,[MASKED ADDRESS],52818.28,active,2022-12-16
1161,O***,d***,o***@outlook.com,***-***-8608,1956-**-**,[MASKED ADDRESS],66981.55,inactive,2018-04-17
1162,M***,O***,m***@gmail.com,***-***-3937,1995-**-**,[MASKED ADDRESS],141955.77,suspended,2019-03-16
1163,J***,W***,j***@gmail.com,,1958-**-**,[MASKED ADDRESS],189223.13,active,2021-03-15
1164,J***,T***,j***@mail.company.co.uk,***-***-7391,1978-**-**,[MASKED ADDRESS],190298.49,active,2020-08-21
1165,A***,A***,a***@gmail.com,***-***-2561,1952-**-**,[MASKED ADDRESS],,suspended,
1166,N***,A***,n***@outlook.com,***-***-8397,1956-**-**,[MASKED ADDRESS],215076.11,suspended,2021-03-01
1167,P***,v***,p***@yahoo.com,***-***-4671,1957-**-**,[MASKED ADDRESS],100655.96,inactive,2018-07-06
1168,D***,J***,d***@company.co.uk,***-***-5004,1949-**-**,[MASKED ADDRESS],61161.50,suspended,2015-11-05
1169,D***,U***,d***@gmail.com,***-***-7734,1953-**-**,[MASKED ADDRESS],,suspended,2023-06-29
1170,E***,v***,e***@mail.company.co.uk,***-***-7989,1963-**-**,[MASKED ADDRESS],24377.60,active,2020-11-05
1171,P***,v***,p***@outlook.com,***-***-4121,1959-**-**,[MASKED ADDRESS],222278.05,active,2022-03-20
1172,E***,B***,e***@outlook.com,***-***-7844,1993-**-**,[MASKED ADDRESS],52865.35,active,2016-08-24
1173,E***,U***,e***@gmail.com,***-***-4644,1959-**-**,[MASKED ADDRESS],201734.78,active,2020-09-23
1174,C***,d***,c***@company.co.uk,***-***-8564,1985-**-**,[MASKED ADDRESS],221271.87,active,2022-05-24
1175,J***,H***,j***@gmail.com,***-***-7899,1974-**-**,[MASKED ADDRESS],228870.06,suspended,2021-03-15
1176,[MISSING],v***,t***@company.co.uk,***-***-5175,1949-**-**,[MASKED ADDRESS],158791.96,inactive,2019-08-20
1177,E***,O***,e***@outlook.com,***-***-2262,1999-**-**,[MASKED ADDRESS],94532.89,suspended,2015-08-02
1178,J***,D***,j***@gmail.com,***-***-1311,2004-**-**,[MASKED ADDRESS],118158.43,suspended,2020-10-23
1179,M***,d***,m***,***-***-4520,1971-**-**,[MASKED ADDRESS],144154.27,suspended,2018-11-26
1180,G***,W***,g***@gmail.com,***-***-1744,1985-**-**,[MASKED ADDRESS],195942.29,inactive,2021-07-31
1181,P***,M***,p***@outlook.com,,1963-**-**,[MASKED ADDRESS],98081.41,inactive,2023-05-15
1182,J***,M***,j***@yahoo.com,***-***-5833,1949-**-**,[MASKED ADDRESS],214282.49,inactive,2024-11-17
1183,J***,N***,j***@yahoo.com,***-***-8859,2001-**-**,[MASKED ADDRESS],64526.81,inactive,2024-08-31
1184,G***,d***,g***@company.co.uk,***-***-6099,1975-**-**,[MASKED ADDRESS],70414.22,inactive,2023-12-21
1185,J***,M***,j***@outlook.com,***-***-9210,1944-**-**,[MASKED ADDRESS],37630.94,inactive,2021-04-14
1186,S***,4***,s***@mail.company.co.uk,***-***-5326,1983-**-**,[MASKED ADDRESS],49039.36,inactive,2021-11-13
1187,M***,T***,m***@outlook.com,***-***-6479,1979-**-**,[MASKED ADDRESS],70137.39,suspended,2015-11-24
1188,S***,M***,s***@gmail.com,***-***-1702,1953-**-**,[MASKED ADDRESS],44706.75,pending,2024-09-09
1189,N***,O***,n***@yahoo.com,***-***-9240,1997-**-**,[MASKED ADDRESS],100959.08,unknown,2024-02-22
1190,A***,S***,a***@company.co.uk,***-***-4799,1940-**-**,[MASKED ADDRESS],166807.84,active,2019-09-26
1191,O***,T***,o***@outlook.com,***-***-2238,1997-**-**,[MASKED ADDRESS],242883.31,inactive,2023-01-08
1192,[MISSING],M***,n***@mail.company.co.uk,***-***-0519,1953-**-**,[MASKED ADDRESS],209639.23,suspended,2023-08-25
1193,J***,B***,j***@company.co.uk,***-***-2598,1943-**-**,[MASKED ADDRESS],223567.10,active,2017-08-24
1194,E***,v***,e***@mail.company.co.uk,***-***-7786,1953-**-**,[MASKED ADDRESS],233749.46,suspended,2021-03-15
1195,S***,M***,s***@gmail.com,***-***-3161,2004-**-**,[MASKED ADDRESS],59597.32,inactive,2020-04-02
1196,N***,N***,n***@outlook.com,***-***-8289,1956-**-**,[MASKED ADDRESS],207476.69,suspended,2021-03-08
1197,T***,B***,t***@gmail.com,***-***-0512,1983-**-**,[MASKED ADDRESS],26535.12,suspended,2017-05-04
1198,M***,J***,m***@gmail.com,***-***-4355,2005-**-**,[MASKED ADDRESS],69289.23,active,2017-10-15
1199,N***,H***,n***@outlook.com,***-***-6997,1954-**-**,[MASKED ADDRESS],119107.86,inactive,2021-03-15
1201,P***,N***,p***@yahoo.com,***-***-2557,1972-**-**,[MASKED ADDRESS],148730.26,active,2023-11-22
1202,M***,B***,m***@company.co.uk,***-***-5478,1978-**-**,[MASKED ADDRESS],86624.10,active,2022-10-29
1203,N***,d***,n***@company.co.uk,***-***-2165,1982-**-**,[MASKED ADDRESS],178999.57,inactive,2020-06-21
1204,N***,N***,n***@company.co.uk,***-***-1843,1977-**-**,[MASKED ADDRESS],54774.99,inactive,2027-01-01
1205,S***,W***,s***@gmail.com,***-***-5624,1949-**-**,[MASKED ADDRESS],143409.69,suspended,2023-03-09
0,J***,N***,j***@outlook.com,***-***-1091,1964-**-**,[MASKED ADDRESS],245251.32,suspended,2018-07-16
1207,M***,N***,m***@gmail.com,***-***-5465,2006-**-**,[MASKED ADDRESS],244968.14,active,2024-11-08
1208,J***,T***,j***@company.co.uk,***-***-6262,2000-**-**,[MASKED ADDRESS],228787.82,suspended,2022-04-26
1209,D***,A***,d***@yahoo.com,***-***-9254,1968-**-**,[MASKED ADDRESS],194877.23,inactive,2018-05-27
1210,D***,T***,d***@yahoo.com,***-***-4372,1994-**-**,[MASKED ADDRESS],46510.36,inactive,2019-03-12
1211,J***,W***,j***@mail.company.co.uk,***-***-3323,1945-**-**,[MASKED ADDRESS],197410.46,inactive,2019-06-03
1212,O***,J***,o***@gmail.com,***-***-8812,2005-**-**,[MASKED ADDRESS],82189.93,inactive,2015-08-12
1213,L***,D***,l***@yahoo.com,***-***-2216,1969-**-**,[MASKED ADDRESS],177553.60,active,2016-05-21
1214,D***,N***,d***@yahoo.com,***-***-2799,1990-**-**,[MASKED ADDRESS],87394.62,inactive,2017-01-10
1215,D***,[MISSING],d***@company.co.uk,***-***-8084,1992-**-**,[MASKED ADDRESS],222309.45,suspended,2024-04-03
1216,J***,J***,.***@x.com,***-***-5424,1944-**-**,[MASKED ADDRESS],149486.41,inactive,2019-01-15
1217,A***,U***,a***@gmail.com,***-***-4496,1977-**-**,[MASKED ADDRESS],35602.39,suspended,2022-12-05
1218,C***,v***,c***@yahoo.com,***-***-8154,1956-**-**,,124248.12,suspended,2023-12-20
1219,J***,O***,j***@yahoo.com,***-***-1111,1985-**-**,[MASKED ADDRESS],240626.51,active,2018-10-16
1220,J***,D***,j***@outlook.com,***-***-0917,1966-**-**,[MASKED ADDRESS],223686.93,active,2015-05-08
1221,N***,v***,n***@gmail.com,***-***-5152,1964-**-**,[MASKED ADDRESS],86044.80,active,2016-01-15
1222,M***,T***,m***@outlook.com,***-***-1609,1986-**-**,[MASKED ADDRESS],42221.46,active,2021-08-31
3859,J***,A***,j***@yahoo.com,***-***-4532,1979-**-**,[MASKED ADDRESS],146512.05,suspended,2018-07-28
1224,A***,M***,a***@outlook.com,***-***-0475,2000-**-**,[MASKED ADDRESS],224449.84,suspended,2021-11-29
1225,D***,O***,d***@company.co.uk,***-***-7672,1967-**-**,[MASKED ADDRESS],159981.39,inactive,2022-06-17
1226,C***,S***,c***@company.co.uk,***-***-5711,1951-**-**,[MASKED ADDRESS],140195.21,inactive,2017-09-25
1227,N***,W***,n***@company.co.uk,***-***-3869,2000-**-**,[MASKED ADDRESS],37948.67,inactive,2015-10-13
1228,O***,U***,o***@gmail.com,***-***-0003,1999-**-**,[MASKED ADDRESS],175156.45,suspended,2022-08-15
1229,T***,J***,t***@gmail.com,***-***-6049,,[MASKED ADDRESS],153688.51,suspended,2019-04-12
1230,E***,W***,e***@gmail.com,***-***-2056,1946-**-**,[MASKED ADDRESS],165927.08,inactive,2022-10-19
1231,E***,H***,e***@outlook.com,***-***-0121,2005-**-**,[MASKED ADDRESS],244884.86,suspended,2021-07-04
1232,D***,N***,d***@outlook.com,***-***-9995,1982-**-**,[MASKED ADDRESS],125184.17,inactive,2018-09-19
1233,A***,J***,a***@outlook.com,***-***-1006,1991-**-**,[MASKED ADDRESS],33062.63,inactive,2018-02-24
1234,S***,v***,s***@gmail.com,***-***-3869,1987-**-**,[MASKED ADDRESS],191898.90,inactive,2019-12-08
1235,M***,J***,m***@gmail.com,***-***-7802,2006-**-**,[MASKED ADDRESS],49110.21,active,2023-12-10
1236,M***,J***,m***@mail.company.co.uk,***-***-4466,1963-**-**,[MASKED ADDRESS],172894.12,suspended,2022-09-28
1238,P***,W***,p***@outlook.com,***-***-5298,1946-**-**,[MASKED ADDRESS],206008.20,active,2017-04-01
1239,J***,O***,j***@mail.company.co.uk,***-***-1692,2005-**-**,[MASKED ADDRESS],23891.37,active,2019-05-22
1240,J***,U***,j***@gmail.com,***-***-7898,1988-**-**,[MASKED ADDRESS],167062.49,inactive,2020-02-26
1241,D***,J***,d***@outlook.com,***-***-5886,1996-**-**,[MASKED ADDRESS],71044.01,suspended,2020-08-08
-807,L***,S***,l***@company.co.uk,***-***-8570,2000-**-**,[MASKED ADDRESS],129890.26,suspended,2022-11-12
1243,[MISSING],A***,?***@gmail.com,***-***-1742,1993-**-**,[MASKED ADDRESS],91195.21,suspended,2018-08-10
1244,J***,T***,j***@company.co.uk,***-***-2703,1992-**-**,[MASKED ADDRESS],57162.02,suspended,2018-03-08
1245,J***,W***,j***@company.co.uk,***-***-0616,2004-**-**,[MASKED ADDRESS],42614.34,active,2024-09-03
1246,G***,W***,g***@yahoo.com,***-***-2888,1943-**-**,[MASKED ADDRESS],224168.70,active,2021-01-10
1247,J***,W***,j***@outlook.com,***-***-5336,1949-**-**,[MASKED ADDRESS],32279.48,active,2016-08-16
1248,E***,D***,e***@mail.company.co.uk,***-***-0958,1965-**-**,[MASKED ADDRESS],84362.96,suspended,2021-03-15
1249,G***,N***,g***@gmail.com,***-***-7014,1962-**-**,[MASKED ADDRESS],25392.69,suspended,2015-05-18
1250,S***,M***,s***@mail.company.co.uk,***-***-4846,,[MASKED ADDRESS],220436.77,inactive,2021-03-15
1251,M***,T***,m***@outlook.com,***-***-9424,2001-**-**,[MASKED ADDRESS],124358.00,suspended,2015-10-02
1252,D***,M***,d***@yahoo.com,***-***-5250,1963-**-**,[MASKED ADDRESS],132840.77,inactive,2022-08-10
1253,L***,W***,l***@gmail.com,***-***-1260,1964-**-**,[MASKED ADDRESS],20332.21,suspended,2021-03-15
1254,D***,S***,d***@outlook.com,***-***-5346,1999-**-**,[MASKED ADDRESS],0.00,active,2018-03-26
1255,S***,M***,s***@outlook.com,***-***-2514,1950-**-**,[MASKED ADDRESS],23151.94,inactive,2020-01-11
1256,A***,S***,a***@mail.company.co.uk,***-***-0070,1988-**-**,[MASKED ADDRESS],149825.98,suspended,2019-12-16
1257,J***,D***,j***@gmail.com,***-***-5855,1944-**-**,[MASKED ADDRESS],119682.65,active,2019-06-04
1258,O***,J***,o***@yahoo.com,***-***-6326,1965-**-**,[MASKED ADDRESS],112668.30,active,2019-10-03
1259,M***,D***,m***@outlook.com,***-***-6156,2015-**-**,[MASKED ADDRESS],229994.95,inactive,2023-01-01
1260,A***,D***,a***@yahoo.com,***-***-7742,1999-**-**,[MASKED ADDRESS],43048.35,active,2019-01-21
1261,P***,M***,p***@outlook.com,***-***-4252,1945-**-**,[MASKED ADDRESS],164518.08,active,2020-12-09
1262,D***,M***,d***@yahoo.com,***-***-4932,2002-**-**,,81133.17,inactive,2016-10-29
1263,G***,O***,g***@gmail.com,***-***-2150,1983-**-**,[MASKED ADDRESS],242976.19,active,2016-06-11
1264,G***,W***,g***@gmail.com,***-***-7065,1999-**-**,[MASKED ADDRESS],171882.81,active,2017-04-21
1265,S***,[MISSING],s***@outlook.com,***-***-3962,1946-**-**,[MASKED ADDRESS],,active,2020-08-27
1266,M***,B***,m***@company.co.uk,***-***-6677,1968-**-**,[MASKED ADDRESS],184702.09,inactive,2018-03-07
1267,L***,H***,l***@gmail.com,***-***-6020,2000-**-**,[MASKED ADDRESS],48691.38,suspended,2023-04-25
1268,M***,W***,m***@company.co.uk,***-***-8177,2004-**-**,[MASKED ADDRESS],110044.25,inactive,2020-02-06
1269,J***,D***,j***@company.co.uk,***-***-9905,1953-**-**,[MASKED ADDRESS],132006.28,suspended,2024-08-22
1270,T***,B***,t***@company.co.uk,***-***-2897,1967-**-**,[MASKED ADDRESS],194542.62,inactive,2022-09-08
1271,N***,N***,n***@company.co.uk,***-***-4660,1942-**-**,[MASKED ADDRESS],224465.58,active,2019-01-03
1272,G***,A***,g***@gmail.com,***-***-2781,1981-**-**,[MASKED ADDRESS],246654.72,inactive,2016-02-05
1273,D***,N***,d***@yahoo.com,***-***-3305,1946-**-**,[MASKED ADDRESS],109476.43,suspended,2023-01-18
1274,C***,v***,c***@yahoo.com,***-***-4945,1966-**-**,[MASKED ADDRESS],121508.72,active,2022-01-15
1275,M***,D***,m***@mail.company.co.uk,***-***-0981,1972-**-**,[MASKED ADDRESS],210100.38,active,2017-12-29
1276,P***,M***,p***@yahoo.com,***-***-7952,1979-**-**,[MASKED ADDRESS],203831.47,active,2015-06-22
1277,J***,W***,j***@mail.company.co.uk,***-***-1479,2004-**-**,[MASKED ADDRESS],233915.57,active,2016-05-15
1278,M***,M***,m***@gmail.com,***-***-6690,1992-**-**,[MASKED ADDRESS],72891.47,active,2023-01-10
1279,D***,d***,d***@gmail.com,***-***-4144,1967-**-**,[MASKED ADDRESS],240775.77,inactive,2024-03-23
1280,E***,T***,e***@company.co.uk,***-***-1312,1984-**-**,[MASKED ADDRESS],179143.31,inactive,2023-03-06
1281,L***,J***,l***@company.co.uk,***-***-6564,1967-**-**,[MASKED ADDRESS],210196.02,suspended,2023-11-21
1282,D***,v***,d***@yahoo.com,***-***-6447,1991-**-**,[MASKED ADDRESS],215180.25,suspended,2017-12-01
1284,D***,M***,d***@outlook.com,,1968-**-**,[MASKED ADDRESS],32168.07,active,2017-08-19
1285,O***,d***,o***@gmail.com,***-***-4956,2000-**-**,[MASKED ADDRESS],94706.53,active,2020-12-12
1286,C***,T***,c***@mail.company.co.uk,***-***-4321,1979-**-**,[MASKED ADDRESS],118397.56,active,2015-05-27
AB-8949,L***,M***,l***@gmail.com,***-***-5727,1965-**-**,[MASKED ADDRESS],149135.14,active,2020-08-02
1288,J***,B***,j***@gmail.com,***-***-1328,2003-**-**,[MASKED ADDRESS],238460.55,suspended,2023-12-09
1289,J***,A***,j***@gmail.com,***-***-1516,1955-**-**,[MASKED ADDRESS],109563.11,suspended,2018-05-07
1290,A***,d***,a***@outlook.com,***-***-6358,1990-**-**,[MASKED ADDRESS],36842.65,inactive,2022-04-06
1291,J***,N***,j***@mail.company.co.uk,***-***-2434,2001-**-**,[MASKED ADDRESS],25597.30,inactive,2020-03-18
1292,P***,v***,p***@gmail.com,***-***-2985,1944-**-**,[MASKED ADDRESS],77292.48,active,2015-11-17
1294,D***,D***,d***@yahoo.com,***-***-2427,1941-**-**,[MASKED ADDRESS],62314.53,inactive,2015-02-02
1295,T***,M***,t***@outlook.com,***-***-8410,1994-**-**,[MASKED ADDRESS],145015.09,suspended,2020-04-22
AB-4149,D***,H***,d***@company.co.uk,***-***-5556,2004-**-**,[MASKED ADDRESS],99660.06,active,2018-03-02
1297,J***,W***,j***@mail.company.co.uk,***-***-3845,1944-**-**,[MASKED ADDRESS],-15110.00,active,2016-05-09
1298,C***,J***,c***@gmail.com,***-***-1706,1979-**-**,[MASKED ADDRESS],54255.88,active,2016-10-05
1299,M***,B***,m***@yahoo.com,***-***-6811,1940-**-**,[MASKED ADDRESS],183071.94,suspended,2016-09-12
1300,G***,H***,g***@mail.company.co.uk,***-***-5927,1979-**-**,[MASKED ADDRESS],53616.30,active,2022-03-12
1301,D***,N***,d***@outlook.com,***-***-0129,1987-**-**,[MASKED ADDRESS],160274.05,inactive,2023-10-07
1302,A***,O***,a***@yahoo.com,***-***-3501,1989-**-**,[MASKED ADDRESS],75792.19,inactive,2020-08-31
1303,S***,N***,s***@gmail.com,***-***-0085,1961-**-**,[MASKED ADDRESS],182990.80,suspended,2023-04-09
1304,M***,J***,m***@gmail.com,***-***-1018,1951-**-**,[MASKED ADDRESS],136952.07,inactive,2022-02-19
1305,J***,H***,j***@yahoo.com,***-***-8408,1950-**-**,[MASKED ADDRESS],238678.11,inactive,2019-02-22
1306,A***,J***,a***@yahoo.com,***-***-0797,1967-**-**,,96932.50,inactive,2018-06-22
1307,N***,d***,n***@company.co.uk,***-***-2440,1969-**-**,[MASKED ADDRESS],240148.68,suspended,2015-12-29
1309,N***,U***,n***@gmail.com,***-***-0394,1968-**-**,[MASKED ADDRESS],75055.31,inactive,2022-08-11
1310,C***,J***,c***@yahoo.com,***-***-6152,1950-**-**,[MASKED ADDRESS],42044.12,inactive,2015-09-26
1311,G***,S***,g***@gmail.com,***-***-2057,1976-**-**,[MASKED ADDRESS],141320.87,suspended,2015-01-05
1313,T***,N***,t***@outlook.com,***-***-7417,1999-**-**,[MASKED ADDRESS],177583.59,active,2015-01-18
1314,T***,M***,t***@gmail.com,***-***-2022,1973-**-**,[MASKED ADDRESS],44319.51,active,2017-06-26
1315,S***,d***,s***@yahoo.com,***-***-0602,2003-**-**,[MASKED ADDRESS],219430.31,inactive,2017-03-04
1316,O***,W***,o***@yahoo.com,***-***-3734,2005-**-**,[MASKED ADDRESS],115371.90,suspended,2018-08-16
1317,P***,N***,p***@gmail.com,***-***-4553,1987-**-**,[MASKED ADDRESS],247712.19,suspended,2015-11-01
AB-1393,C***,B***,c***@gmail.com,***-***-7759,1970-**-**,[MASKED ADDRESS],37482.63,active,2015-09-06
1319,M***,J***,m***@outlook.com,***-***-1668,1990-**-**,[MASKED ADDRESS],155900.33,active,2020-03-16
1320,O***,S***,o***@yahoo.com,***-***-1106,1957-**-**,[MASKED ADDRESS],58692.00,active,2018-06-30
1321,D***,A***,d***@yahoo.com,***-***-5618,1940-**-**,[MASKED ADDRESS],114184.37,active,2017-04-04
1322,J***,D***,j***@outlook.com,***-***-2658,1943-**-**,[MASKED ADDRESS],187627.75,inactive,2019-03-20
1323,J***,W***,j***@yahoo.com,***-***-9595,1972-**-**,[MASKED ADDRESS],94857.11,active,2021-03-15
1324,J***,D***,j***@gmail.com,***-***-7474,1973-**-**,[MASKED ADDRESS],60045.10,inactive,2019-10-26
1325,J***,v***,j***@yahoo.com,***-***-4588,1985-**-**,[MASKED ADDRESS],54346.88,suspended,2019-03-13
1326,C***,N***,c***@company.co.uk,***-***-9567,1958-**-**,[MASKED ADDRESS],103614.50,inactive,2021-03-15
1327,L***,M***,l***@outlook.com,***-***-6700,1984-**-**,[MASKED ADDRESS],99386.84,suspended,2022-03-21
1328,G***,W***,g***@outlook.com,***-***-4959,2001-**-**,,81233.64,inactive,2021-03-15
1329,J***,D***,j***@yahoo.com,***-***-9054,2004-**-**,[MASKED ADDRESS],179016.20,inactive,2015-05-04
1330,D***,S***,d***@outlook.com,***-***-6608,2001-**-**,[MASKED ADDRESS],248650.48,suspended,2021-06-08
1331,D***,W***,d***@gmail.com,***-***-4991,1949-**-**,[MASKED ADDRESS],229166.15,active,2022-05-25
1332,S***,M***,s***@company.co.uk,***-***-8789,2006-**-**,[MASKED ADDRESS],52313.59,inactive,2020-08-20
1333,D***,[MISSING],d***@yahoo.com,***-***-7539,1943-**-**,[MASKED ADDRESS],106906.24,active,2017-01-05
1334,L***,M***,l***@gmail.com,***-***-8810,1945-**-**,[MASKED ADDRESS],101652.04,suspended,2018-08-28
1335,D***,D***,d***@company.co.uk,***-***-3185,1940-**-**,[MASKED ADDRESS],169400.31,inactive,2024-03-14
1336,J***,M***,j***@company.co.uk,***-***-0183,1953-**-**,[MASKED ADDRESS],178734.46,suspended,2023-01-13
1338,D***,U***,d***@yahoo.com,***-***-0245,,[MASKED ADDRESS],101710.29,active,2023-08-10
1339,S***,v***,s***@mail.company.co.uk,***-***-2177,1996-**-**,[MASKED ADDRESS],120494.22,suspended,2021-08-03
1340,[MISSING],B***,n***@yahoo.com,***-***-6136,1958-**-**,[MASKED ADDRESS],119275.66,active,2022-03-21
1341,T***,A***,t***@outlook.com,***-***-0885,1999-**-**,[MASKED ADDRESS],219418.68,active,2021-03-15
1342,E***,W***,e***@company.co.uk,***-***-4012,1994-**-**,[MASKED ADDRESS],243550.47,active,2019-09-28
AB-2363,D***,M***,d***@outlook.com,***-***-2878,1981-**-**,[MASKED ADDRESS],60993.20,unknown,2023-03-11
1344,T***,J***,t***@gmail.com,***-***-6304,1954-**-**,[MASKED ADDRESS],101522.43,inactive,2023-04-02
1345,S***,S***,s***@outlook.com,***-***-4166,1991-**-**,[MASKED ADDRESS],105321.72,active,2017-02-12
1346,T***,A***,t***@company.co.uk,***-***-1456,1991-**-**,[MASKED ADDRESS],87403.58,unknown,2021-03-15
1347,D***,H***,d***@yahoo.com,***-***-1806,1959-**-**,[MASKED ADDRESS],229548.28,suspended,2018-04-15
1348,M***,v***,m***@gmail.com,***-***-0118,1943-**-**,[MASKED ADDRESS],129192.65,suspended,2019-02-27
1349,C***,J***,c***@mail.company.co.uk,,2002-**-**,[MASKED ADDRESS],191588.34,inactive,2022-05-22
1350,D***,[MISSING],d***@gmail.com,***-***-5333,1960-**-**,[MASKED ADDRESS],216418.50,suspended,2021-03-15
AB-2426,M***,N***,m***@company.co.uk,***-***-7899,1961-**-**,[MASKED ADDRESS],233315.82,inactive,2017-06-21
1352,S***,O***,s***@gmail.com,***-***-9841,1970-**-**,[MASKED ADDRESS],41174.89,suspended,2021-03-15
1353,D***,U***,,***-***-3110,1978-**-**,[MASKED ADDRESS],123241.65,inactive,2021-03-15
1354,A***,J***,a***@gmail.com,***-***-7836,1959-**-**,[MASKED ADDRESS],187174.65,suspended,2024-09-14
1355,N***,M***,n***@outlook.com,***-***-6412,1987-**-**,[MASKED ADDRESS],151390.16,suspended,2021-03-15
1356,J***,D***,j***@yahoo.com,***-***-9431,1953-**-**,[MASKED ADDRESS],27330.95,suspended,2019-11-12
1357,N***,B***,n***@yahoo.com,***-***-1468,1998-**-**,[MASKED ADDRESS],165731.19,suspended,2020-05-18
1358,M***,M***,m***@outlook.com,***-***-1040,1988-**-**,[MASKED ADDRESS],207424.49,active,2016-04-25
1359,E***,[MISSING],e***@yahoo.com,***-***-1438,1943-**-**,[MASKED ADDRESS],,active,2020-10-28
1360,N***,v***,n***@outlook.com,***-***-1622,1944-**-**,[MASKED ADDRESS],156503.93,inactive,2023-03-06
1361,P***,M***,p***@outlook.com,***-***-8780,1996-**-**,[MASKED ADDRESS],200129.26,suspended,2018-01-11
1362,N***,T***,n***@outlook.com,***-***-3698,1948-**-**,[MASKED ADDRESS],186156.94,inactive,2018-11-30
1363,N***,B***,n***@company.co.uk,***-***-8711,1976-**-**,[MASKED ADDRESS],44696.56,suspended,2021-03-15
1364,G***,H***,g***@outlook.com,***-***-4519,1986-**-**,[MASKED ADDRESS],213632.72,active,2016-01-19
1365,A***,M***,,***-***-2235,1986-**-**,,229058.31,suspended,2020-12-28
1366,M***,J***,m***@yahoo.com,***-***-2184,1944-**-**,[MASKED ADDRESS],73694.83,active,2020-06-01
1367,D***,W***,d***@mail.company.co.uk,***-***-7999,1940-**-**,[MASKED ADDRESS],58747.06,active,2017-03-20
1369,J***,H***,j***@yahoo.com,***-***-4354,1983-**-**,[MASKED ADDRESS],106379.40,active,2016-05-31
1370,G***,T***,g***@gmail.com,***-***-7961,1978-**-**,[MASKED ADDRESS],248650.41,inactive,2021-03-15
1371,M***,W***,m***@yahoo.com,***-***-0628,1957-**-**,[MASKED ADDRESS],138368.23,active,2019-10-12
1372,D***,B***,d***@outlook.com,***-***-0779,1940-**-**,[MASKED ADDRESS],58437.40,inactive,2016-04-01
1373,[MISSING],D***,u***@outlook.com,***-***-9907,1998-**-**,[MASKED ADDRESS],156431.25,suspended,2017-03-01
1374,M***,d***,m***@yahoo.com,***-***-2094,1989-**-**,[MASKED ADDRESS],117489.55,suspended,2020-08-25
1375,P***,D***,p***@gmail.com,***-***-6512,1987-**-**,[MASKED ADDRESS],106708.02,active,2016-10-17
1376,J***,N***,j***@outlook.com,***-***-4399,1955-**-**,[MASKED ADDRESS],222646.58,inactive,2015-07-31
1377,D***,S***,d***@outlook.com,***-***-4326,1976-**-**,[MASKED ADDRESS],66530.70,active,2015-03-06
1378,M***,U***,m***@gmail.com,***-***-4403,1996-**-**,[MASKED ADDRESS],49858.53,inactive,2017-01-27
1379,M***,M***,m***,***-***-6458,1956-**-**,[MASKED ADDRESS],38554.94,suspended,2015-02-18
1380,J***,S***,j***@gmail.com,***-***-4385,1996-**-**,[MASKED ADDRESS],127899.98,inactive,2018-06-13
1381,J***,T***,j***@gmail.com,***-***-8381,1977-**-**,[MASKED ADDRESS],82408.86,suspended,2024-11-30
1382,J***,B***,j***@outlook.com,***-***-1939,1947-**-**,[MASKED ADDRESS],174666.83,suspended,2022-01-03
1383,S***,M***,s***@gmail.com,***-***-2401,1975-**-**,[MASKED ADDRESS],36255.05,active,2018-12-15
1384,T***,T***,t***@yahoo.com,***-***-8826,1987-**-**,[MASKED ADDRESS],197499.25,active,2017-08-21
1385,J***,M***,j***@mail.company.co.uk,***-***-2283,1952-**-**,[MASKED ADDRESS],47383.31,suspended,1990-01-01
1386,S***,W***,s***@yahoo.com,***-***-1294,1941-**-**,[MASKED ADDRESS],179162.52,inactive,2019-12-24
1387,A***,J***,a***@gmail.com,***-***-0178,1978-**-**,[MASKED ADDRESS],78879.49,inactive,2016-05-27
1388,J***,M***,j***@gmail.com,***-***-5131,1976-**-**,[MASKED ADDRESS],39534.01,inactive,2021-01-27
1389,J***,A***,j***@gmail.com,,1944-**-**,[MASKED ADDRESS],108562.05,inactive,2016-06-14
1390,T***,N***,t***@yahoo.com,***-***-9606,1943-**-**,[MASKED ADDRESS],69418.97,suspended,2023-08-16
1391,M***,d***,m***@outlook.com,***-***-4765,,[MASKED ADDRESS],50814.33,inactive,2015-03-03
2434,N***,W***,n***@mail.company.co.uk,***-***-4589,1971-**-**,[MASKED ADDRESS],118880.67,active,2027-01-01
1393,O***,D***,o***@outlook.com,***-***-8289,2010-**-**,[MASKED ADDRESS],52178.36,active,2024-10-20
1394,L***,O***,l***@gmail.com,***-***-7096,1969-**-**,[MASKED ADDRESS],121825.98,inactive,2017-05-24
1395,N***,J***,n***@yahoo.com,***-***-6929,1997-**-**,[MASKED ADDRESS],121083.92,active,2017-11-28
1396,T***,A***,t***@company.co.uk,***-***-2632,1979-**-**,[MASKED ADDRESS],184840.07,active,2024-03-27
1397,C***,[MISSING],c***@outlook.com,***-***-4305,1940-**-**,[MASKED ADDRESS],59099.38,active,2021-03-15
1398,M***,J***,m***@gmail.com,***-***-2043,1998-**-**,[MASKED ADDRESS],243906.49,active,2019-03-09
1399,N***,A***,n***@company.co.uk,***-***-1625,1949-**-**,[MASKED ADDRESS],143012.43,suspended,2015-05-14
1400,D***,D***,d***@mail.company.co.uk,***-***-7601,1997-**-**,[MASKED ADDRESS],221707.68,inactive,2015-01-18
1401,J***,N***,j***@outlook.com,***-***-3962,1975-**-**,[MASKED ADDRESS],186106.49,inactive,2019-11-27
1402,D***,v***,d***@gmail.com,***-***-3338,1942-**-**,[MASKED ADDRESS],33511.54,suspended,2020-02-02
1403,E***,M***,e***@yahoo.com,***-***-4267,1964-**-**,[MASKED ADDRESS],48331.32,active,2020-07-17
1404,D***,M***,d***@mail.company.co.uk,***-***-6879,1968-**-**,[MASKED ADDRESS],163335.15,active,2018-11-21
1405,N***,[MISSING],n***@yahoo.com,***-***-8486,1953-**-**,[MASKED ADDRESS],34609.05,active,2020-05-26
1406,N***,D***,n***@mail.company.co.uk,***-***-3242,2004-**-**,[MASKED ADDRESS],129640.47,inactive,2018-01-17
1407,O***,W***,o***@gmail.com,***-***-4146,1966-**-**,[MASKED ADDRESS],90830.07,inactive,2017-05-31
1408,C***,T***,c***@yahoo.com,***-***-9201,1965-**-**,[MASKED ADDRESS],222589.63,active,2022-04-01
1409,C***,W***,c***@company.co.uk,***-***-1953,1955-**-**,[MASKED ADDRESS],199076.82,active,2021-03-15
1410,J***,N***,j***@gmail.com,***-***-4931,1971-**-**,[MASKED ADDRESS],246232.21,suspended,2016-05-12
1411,S***,S***,s***@company.co.uk,***-***-6043,1988-**-**,[MASKED ADDRESS],92392.31,inactive,2016-11-28
1412,S***,D***,s***@company.co.uk,***-***-8548,1991-**-**,[MASKED ADDRESS],76995.83,active,2024-05-15
1413,D***,W***,d***@gmail.com,***-***-6308,1949-**-**,[MASKED ADDRESS],133560.18,active,2019-04-29
1414,M***,U***,m***@yahoo.com,***-***-1672,1949-**-**,[MASKED ADDRESS],139758.07,active,2015-12-11
1415,N***,N***,n***@outlook.com,***-***-6923,1956-**-**,[MASKED ADDRESS],166891.04,active,2015-05-27
1416,N***,M***,n***@company.co.uk,***-***-4395,1955-**-**,[MASKED ADDRESS],228328.87,suspended,2022-09-18
1417,M***,T***,m***@gmail.com,***-***-0341,1963-**-**,[MASKED ADDRESS],220206.36,active,2021-05-12
1418,G***,M***,g***@gmail.com,***-***-7415,1971-**-**,[MASKED ADDRESS],85766.50,suspended,2024-08-11
1419,J***,N***,j***@gmail.com,***-***-2320,1942-**-**,[MASKED ADDRESS],103777.89,inactive,2022-08-12
1420,M***,J***,m***@mail.company.co.uk,***-***-3122,1970-**-**,[MASKED ADDRESS],242825.42,suspended,2022-08-21
1421,O***,M***,o***@outlook.com,***-***-4636,1951-**-**,[MASKED ADDRESS],47363.91,suspended,2023-08-16
1422,P***,W***,p***@outlook.com,***-***-4075,1997-**-**,[MASKED ADDRESS],147518.29,inactive,2016-07-24
1423,D***,W***,d***@company.co.uk,***-***-7158,1987-**-**,[MASKED ADDRESS],111410.78,inactive,2016-07-29
1424,G***,J***,g***@outlook.com,***-***-6601,1981-**-**,[MASKED ADDRESS],167721.79,active,2021-05-05
1425,J***,v***,j***@gmail.com,***-***-9208,1984-**-**,[MASKED ADDRESS],161561.02,unknown,2024-11-13
1426,D***,S***,d***@mail.company.co.uk,***-***-7925,1961-**-**,[MASKED ADDRESS],10000000.00,suspended,2016-11-30
1427,D***,A***,d***@company.co.uk,***-***-6321,1949-**-**,[MASKED ADDRESS],17589.62,suspended,2022-05-15
1428,D***,D***,d***@outlook.com,***-***-5715,1987-**-**,[MASKED ADDRESS],122978.21,active,2023-07-21
1429,M***,M***,m***@yahoo.com,***-***-8608,2002-**-**,[MASKED ADDRESS],52407.22,active,2022-08-14
1430,G***,M***,g***@mail.company.co.uk,***-***-4103,1946-**-**,[MASKED ADDRESS],46305.91,suspended,2017-10-31
1431,G***,M***,g***@yahoo.com,***-***-1576,1952-**-**,[MASKED ADDRESS],229082.30,inactive,2017-04-29
1432,S***,O***,s***@company.co.uk,***-***-1161,1951-**-**,[MASKED ADDRESS],92766.15,inactive,2017-10-26
1433,E***,W***,e***@outlook.com,***-***-1816,1963-**-**,[MASKED ADDRESS],28957.11,suspended,2023-06-30
1434,G***,v***,g***@gmail.com,***-***-9800,1947-**-**,[MASKED ADDRESS],134287.00,inactive,2023-10-07
1435,J***,S***,j***@company.co.uk,***-***-9052,1974-**-**,[MASKED ADDRESS],225829.48,inactive,2018-11-06
1436,G***,S***,g***@mail.company.co.uk,***-***-4094,1946-**-**,[MASKED ADDRESS],168974.10,inactive,2019-06-18
1437,M***,O***,m***@gmail.com,***-***-4959,1989-**-**,[MASKED ADDRESS],96459.33,suspended,2015-11-18
1438,M***,O***,m***@yahoo.com,***-***-7213,1980-**-**,[MASKED ADDRESS],209387.03,inactive,2019-04-22
1439,N***,M***,n***@company.co.uk,***-***-0512,1971-**-**,[MASKED ADDRESS],21426.11,suspended,2019-10-18
1440,J***,O***,j***@gmail.com,***-***-6944,1990-**-**,[MASKED ADDRESS],18568.10,inactive,2017-10-20
1441,M***,d***,m***@outlook.com,***-***-0202,1990-**-**,[MASKED ADDRESS],23695.88,suspended,2017-06-11
1442,M***,d***,m***@company.co.uk,***-***-4524,1984-**-**,[MASKED ADDRESS],175843.73,suspended,2021-03-16
1443,P***,S***,p***@outlook.com,***-***-3845,1946-**-**,[MASKED ADDRESS],208332.84,suspended,2018-03-05
1444,S***,H***,s***@outlook.com,***-***-0730,1953-**-**,[MASKED ADDRESS],189380.20,suspended,2017-05-30
1445,D***,W***,d***@yahoo.com,***-***-8982,1988-**-**,[MASKED ADDRESS],78257.94,inactive,2018-09-08
1446,S***,T***,s***@yahoo.com,***-***-1305,1985-**-**,[MASKED ADDRESS],209537.96,suspended,2019-07-28
1447,O***,A***,o***@company.co.uk,***-***-8096,1957-**-**,[MASKED ADDRESS],182174.74,active,2015-05-20
1448,J***,N***,j***@outlook.com,***-***-3955,1950-**-**,[MASKED ADDRESS],229008.44,suspended,2018-03-30
1449,E***,v***,e***@gmail.com,***-***-9716,1998-**-**,[MASKED ADDRESS],196656.49,inactive,2021-04-29
1450,M***,H***,m***@mail.company.co.uk,***-***-3451,1964-**-**,[MASKED ADDRESS],129359.40,active,2017-11-28
1451,G***,D***,g***@yahoo.com,***-***-8813,1940-**-**,[MASKED ADDRESS],119533.80,inactive,2016-03-24
1452,S***,H***,s***@mail.company.co.uk,***-***-1908,1947-**-**,[MASKED ADDRESS],163196.63,active,2021-03-15
1453,1***,T***,1***@mail.company.co.uk,***-***-4029,1973-**-**,[MASKED ADDRESS],187386.76,active,2015-12-30
1454,D***,[MISSING],d***@yahoo.com,***-***-6230,1961-**-**,[MASKED ADDRESS],130202.16,suspended,2020-05-24
1455,A***,D***,a***@gmail.com,***-***-1860,1975-**-**,[MASKED ADDRESS],134259.54,inactive,2023-08-28
1456,T***,D***,t***@gmail.com,***-***-5567,1944-**-**,[MASKED ADDRESS],237751.28,inactive,
1457,C***,O***,c***@yahoo.com,***-***-8776,2004-**-**,[MASKED ADDRESS],-18254.00,active,2023-11-16
1458,A***,M***,a***@company.co.uk,***-***-4423,1946-**-**,[MASKED ADDRESS],50684.18,inactive,2021-10-16
1459,T***,S***,t***@gmail.com,***-***-7723,1978-**-**,[MASKED ADDRESS],72484.30,inactive,2023-07-22
1460,G***,S***,g***@outlook.com,***-***-5089,1996-**-**,[MASKED ADDRESS],34713.86,inactive,2024-06-01
1461,J***,A***,j***@gmail.com,***-***-6660,1964-**-**,[MASKED ADDRESS],123422.43,suspended,2021-03-15
1462,M***,S***,m***@yahoo.com,***-***-6949,1996-**-**,[MASKED ADDRESS],248999.91,suspended,2018-08-13
1463,D***,A***,d***@outlook.com,***-***-7583,1969-**-**,,57118.06,active,2017-02-07
1464,L***,J***,l***@gmail.com,***-***-5651,1957-**-**,[MASKED ADDRESS],146861.39,active,2016-09-16
1465,E***,B***,e***@company.co.uk,***-***-9702,2006-**-**,,247435.50,suspended,2016-11-06
1466,[MISSING],J***,n***@company.co.uk,***-***-8198,1961-**-**,[MASKED ADDRESS],33376.92,active,2022-02-08
1467,T***,M***,t***@gmail.com,***-***-5704,1972-**-**,[MASKED ADDRESS],57066.32,active,2019-01-18
1468,[MISSING],J***,n***@gmail.com,***-***-4504,,[MASKED ADDRESS],232980.09,suspended,2016-12-12
1469,N***,J***,n***@yahoo.com,***-***-2156,1950-**-**,[MASKED ADDRESS],60632.86,active,2022-07-15
1470,E***,v***,e***@mail.company.co.uk,***-***-1007,1984-**-**,[MASKED ADDRESS],176848.43,suspended,2024-05-24
1471,N***,T***,n***@gmail.com,***-***-1904,1956-**-**,[MASKED ADDRESS],103014.45,suspended,2018-06-14
1472,D***,D***,d***@outlook.com,***-***-5169,1956-**-**,[MASKED ADDRESS],130123.13,inactive,2020-11-12
1473,E***,U***,e***@company.co.uk,***-***-4729,2002-**-**,[MASKED ADDRESS],95706642.00,active,2020-03-28
1474,N***,J***,n***@gmail.com,***-***-6904,1970-**-**,[MASKED ADDRESS],191730.62,suspended,2021-06-17
1475,J***,T***,j***@company.co.uk,***-***-3838,1985-**-**,[MASKED ADDRESS],231753.10,suspended,2017-03-23
1476,D***,T***,d***@gmail.com,***-***-5670,1954-**-**,[MASKED ADDRESS],216574.12,suspended,2022-09-05
1477,J***,J***,j***@company.co.uk,***-***-6165,2003-**-**,[MASKED ADDRESS],91871.28,suspended,2019-10-06
1.478E+00,S***,v***,s***@yahoo.com,***-***-0026,1975-**-**,[MASKED ADDRESS],36819.83,active,2018-03-13
1479,J***,H***,j***@gmail.com,***-***-1661,1976-**-**,[MASKED ADDRESS],121852.64,suspended,2021-03-15
1480,D***,D***,d***@gmail.com,***-***-2930,1987-**-**,[MASKED ADDRESS],61439.07,suspended,2021-03-15
1481,S***,D***,s***@outlook.com,***-***-4852,1942-**-**,[MASKED ADDRESS],164455.93,inactive,2020-12-16
1482,M***,D***,m***@gmail.com,***-***-3999,2005-**-**,[MASKED ADDRESS],158198.07,active,2023-02-19
1483,A***,S***,a***@gmail.com,***-***-3139,1967-**-**,[MASKED ADDRESS],234837.39,suspended,2018-02-07
1484,N***,A***,n***@gmail.com,***-***-4501,1993-**-**,[MASKED ADDRESS],29974.78,suspended,2020-03-01
1485,C***,M***,,***-***-7280,2006-**-**,[MASKED ADDRESS],149258.62,inactive,2018-11-15
1486,M***,A***,m***@company.co.uk,***-***-2731,1990-**-**,[MASKED ADDRESS],45948.89,active,2017-06-13
1487,A***,M***,a***@company.co.uk,***-***-3567,1993-**-**,[MASKED ADDRESS],216878.30,inactive,2020-01-15
1488,N***,O***,n***@yahoo.com,***-***-9505,1977-**-**,[MASKED ADDRESS],155898.52,active,2017-10-20
1489,M***,S***,m***@company.co.uk,***-***-2644,2004-**-**,[MASKED ADDRESS],22259.09,inactive,2021-10-06
1490,E***,N***,e***@gmail.com,***-***-7572,,[MASKED ADDRESS],222588.90,suspended,2022-04-04
1491,L***,J***,l***@gmail.com,***-***-7209,1951-**-**,[MASKED ADDRESS],229549.03,active,2018-09-13
1492,J***,T***,j***@outlook.com,***-***-9309,1943-**-**,[MASKED ADDRESS],182743.74,suspended,2022-02-09
1493,A***,D***,a***@company.co.uk,***-***-3467,1953-**-**,[MASKED ADDRESS],166305.11,suspended,2019-03-14
1494,D***,N***,d***@company.co.uk,***-***-3683,1960-**-**,[MASKED ADDRESS],,suspended,2023-04-25
1495,N***,T***,n***@mail.company.co.uk,***-***-9284,1961-**-**,[MASKED ADDRESS],245153.71,inactive,2017-02-17
1496,D***,J***,d***@company.co.uk,***-***-0836,1996-**-**,[MASKED ADDRESS],153503.33,inactive,2021-07-10
1497,L***,W***,l***@mail.company.co.uk,***-***-6671,1984-**-**,[MASKED ADDRESS],140064.66,suspended,2018-06-18
1498,E***,T***,e***@company.co.uk,***-***-7078,1948-**-**,[MASKED ADDRESS],65105.87,inactive,2020-04-16
1499,O***,D***,o***@company.co.uk,***-***-2574,1986-**-**,[MASKED ADDRESS],216215.82,active,2023-02-24
1500,L***,v***,l***@company.co.uk,***-***-2292,,[MASKED ADDRESS],200866.19,suspended,2023-12-11
1501,M***,P***,p***@mail.company.co.uk,***-***-6390,2003-**-**,[MASKED ADDRESS],141405.49,inactive,2021-03-15
1502,T***,D***,t***@gmail.com,***-***-8955,1963-**-**,[MASKED ADDRESS],179324.06,inactive,2020-01-01
1503,C***,D***,c***@outlook.com,***-***-2298,1976-**-**,[MASKED ADDRESS],147942.93,suspended,2018-09-01
1504,M***,W***,m***@gmail.com,***-***-1437,1982-**-**,[MASKED ADDRESS],221927.04,suspended,2017-01-14
1505,M***,H***,m***@outlook.com,***-***-0139,1978-**-**,[MASKED ADDRESS],149993.03,suspended,2016-09-17
1506,A***,S***,a***@gmail.com,***-***-1134,1968-**-**,[MASKED ADDRESS],231171.39,active,2019-12-06
1507,J***,W***,j***@company.co.uk,***-***-9670,1948-**-**,[MASKED ADDRESS],189050.87,inactive,2017-05-11
1508,S***,N***,s***@gmail.com,***-***-1639,1967-**-**,[MASKED ADDRESS],205389.81,active,2018-01-30
1509,J***,M***,,***-***-7697,1945-**-**,[MASKED ADDRESS],56039.81,active,2024-02-02
1510,S***,S***,s***@mail.company.co.uk,***-***-5260,1942-**-**,[MASKED ADDRESS],184792.84,unknown,2017-07-01
1511,S***,D***,s***@company.co.uk,***-***-0011,1982-**-**,[MASKED ADDRESS],172081.51,inactive,2024-07-21
1512,M***,D***,m***@gmail.com,***-***-1724,1962-**-**,[MASKED ADDRESS],247096.09,active,2019-03-16
1513,J***,U***,j***@yahoo.com,***-***-3896,,[MASKED ADDRESS],248284.21,inactive,2016-04-27
1514,M***,T***,m***@gmail.com,***-***-8993,1948-**-**,[MASKED ADDRESS],241717.08,active,2024-04-22
1515,A***,J***,a***@mail.company.co.uk,***-***-6513,1985-**-**,[MASKED ADDRESS],198285.36,suspended,2023-12-22
1516,M***,M***,m***@gmail.com,***-***-2491,1994-**-**,[MASKED ADDRESS],226724.81,inactive,2016-07-11
1517,M***,O***,m***@gmail.com,***-***-2355,1954-**-**,[MASKED ADDRESS],73414.73,active,2018-02-05
1518,M***,D***,m***@outlook.com,***-***-1921,1987-**-**,[MASKED ADDRESS],142195.98,active,2023-06-17
1519,P***,J***,p***@gmail.com,***-***-2759,2002-**-**,[MASKED ADDRESS],156779.28,inactive,2024-07-13
1520,T***,B***,t***@mail.company.co.uk,***-***-5387,1962-**-**,[MASKED ADDRESS],131319.38,suspended,2023-10-04
1521,O***,U***,o***@company.co.uk,***-***-1615,1950-**-**,[MASKED ADDRESS],96616.55,inactive,2020-11-11
1.522E+00,J***,M***,j***@gmail.com,***-***-4153,2001-**-**,[MASKED ADDRESS],247879.29,active,2023-08-24
1523,N***,M***,n***@outlook.com,***-***-3728,1967-**-**,[MASKED ADDRESS],104933.65,suspended,2018-10-12
0,E***,T***,e***@outlook.com,***-***-6520,1946-**-**,[MASKED ADDRESS],108237.83,active,2023-04-04
1525,A***,W***,a***@gmail.com,***-***-4485,2002-**-**,[MASKED ADDRESS],84746.39,suspended,2019-12-03
1526,M***,M***,m***@company.co.uk,***-***-5963,1963-**-**,[MASKED ADDRESS],46605.81,suspended,2021-01-13
1527,M***,O***,m***@yahoo.com,***-***-9077,1960-**-**,[MASKED ADDRESS],30194.57,active,2021-04-08
1528,J***,D***,j***@outlook.com,***-***-9793,2003-**-**,[MASKED ADDRESS],173546.89,suspended,2020-09-11
1529,N***,v***,,***-***-5871,1946-**-**,[MASKED ADDRESS],196827.54,2,2016-05-04
1530,N***,U***,n***@company.co.uk,***-***-1570,1955-**-**,[MASKED ADDRESS],97532.16,active,2023-06-07
1531,O***,O***,o***@yahoo.com,***-***-0076,1820-**-**,[MASKED ADDRESS],132077.32,inactive,2022-08-30
1532,M***,D***,m***@yahoo.com,***-***-0635,1950-**-**,[MASKED ADDRESS],54335.55,active,2021-11-16
1533,N***,D***,n***@gmail.com,***-***-3923,1984-**-**,[MASKED ADDRESS],228771.99,suspended,2020-10-30
1534,M***,O***,m***@yahoo.com,***-***-3244,1996-**-**,[MASKED ADDRESS],146894.45,inactive,2023-10-26
1535,J***,J***,j***@yahoo.com,,1956-**-**,[MASKED ADDRESS],134555.21,active,2016-02-09
1536,G***,W***,g***@gmail.com,***-***-1905,1940-**-**,[MASKED ADDRESS],109460.30,suspended,2022-07-01
1537,M***,A***,m***@outlook.com,***-***-6777,1956-**-**,[MASKED ADDRESS],195274.75,suspended,2022-02-24
1538,J***,O***,j***@mail.company.co.uk,***-***-6524,1965-**-**,[MASKED ADDRESS],222746.24,suspended,2017-04-02
1539,J***,B***,j***@yahoo.com,***-***-1104,1995-**-**,[MASKED ADDRESS],59407.81,inactive,2016-09-17
1540,E***,W***,e***@company.co.uk,***-***-1042,1996-**-**,[MASKED ADDRESS],82634.54,suspended,2015-08-21
1541,M***,d***,m***@outlook.com,,1990-**-**,[MASKED ADDRESS],32372.14,inactive,2022-03-26
1542,N***,M***,n***@mail.company.co.uk,***-***-7850,1953-**-**,[MASKED ADDRESS],242331.95,active,2015-03-27
1543,J***,O***,j***@gmail.com,***-***-6648,1977-**-**,[MASKED ADDRESS],108737.52,active,2022-12-28
1544,O***,D***,o***@company.co.uk,***-***-6436,1949-**-**,[MASKED ADDRESS],224132.29,suspended,2019-12-20
1545,E***,v***,e***@yahoo.com,***-***-4025,1951-**-**,[MASKED ADDRESS],17037.14,active,2016-01-04
1546,D***,W***,d***@outlook.com,***-***-5547,1965-**-**,[MASKED ADDRESS],160297.89,suspended,2022-11-06
1547,G***,D***,g***@gmail.com,***-***-6215,1941-**-**,[MASKED ADDRESS],237451.96,inactive,2024-12-10
1548,O***,U***,o***@mail.company.co.uk,***-***-1361,1820-**-**,[MASKED ADDRESS],245778.55,active,2016-11-14
1549,A***,H***,a***@company.co.uk,***-***-0514,,[MASKED ADDRESS],23456.04,suspended,2021-03-15
1550,T***,T***,t***@outlook.com,***-***-4369,1980-**-**,[MASKED ADDRESS],194084.89,active,2016-09-22
1551,M***,S***,m***@gmail.com,***-***-2559,1981-**-**,[MASKED ADDRESS],190325.06,active,
1552,D***,W***,d***@yahoo.com,***-***-8115,1956-**-**,[MASKED ADDRESS],243934.73,suspended,2017-02-14
1553,M***,T***,m***@company.co.uk,***-***-9855,1997-**-**,[MASKED ADDRESS],224280.68,inactive,2021-03-15
1554,J***,H***,j***@company.co.uk,***-***-1445,1972-**-**,[MASKED ADDRESS],189415.27,inactive,2020-06-26
AB-8617,D***,M***,d***@mail.company.co.uk,***-***-7608,1952-**-**,[MASKED ADDRESS],219508.87,unknown,2024-03-02
1556,M***,W***,m***@yahoo.com,***-***-8148,1967-**-**,[MASKED ADDRESS],116721.22,active,2022-06-20
1557,M***,M***,m***@gmail.com,***-***-0212,1996-**-**,[MASKED ADDRESS],185317.84,active,2021-03-15
1558,T***,T***,t***@outlook.com,***-***-4596,1991-**-**,[MASKED ADDRESS],68797.77,active,2021-03-15
1559,J***,B***,j***@outlook.com,***-***-9872,2005-**-**,[MASKED ADDRESS],100488.88,inactive,
1560,J***,T***,j***@outlook.com,***-***-3083,1993-**-**,[MASKED ADDRESS],200816.69,active,2017-04-16
1561,T***,D***,t***@company.co.uk,***-***-9729,1968-**-**,[MASKED ADDRESS],53281.76,active,2024-09-24
1562,D***,U***,d***@outlook.com,***-***-0565,1969-**-**,[MASKED ADDRESS],30011.31,active,2016-10-31
1563,S***,T***,s***@gmail.com,***-***-8596,1975-**-**,[MASKED ADDRESS],219136.29,active,2021-04-03
1564,J***,T***,j***@yahoo.com,,,[MASKED ADDRESS],,active,2019-02-16
1566,D***,J***,d***@yahoo.com,***-***-4892,2000-**-**,[MASKED ADDRESS],148208.95,inactive,2015-04-08
1567,E***,W***,e***@outlook.com,***-***-2707,1983-**-**,[MASKED ADDRESS],160530.03,inactive,2018-05-27
1568,E***,J***,e***@company.co.uk,***-***-4587,1942-**-**,[MASKED ADDRESS],223530.06,active,2022-02-20
1569,J***,M***,j***@yahoo.com,***-***-9133,1942-**-**,[MASKED ADDRESS],22026.06,inactive,2021-03-15
1570,N***,A***,n***@outlook.com,***-***-3081,1980-**-**,[MASKED ADDRESS],26114.21,suspended,2024-03-15
1571,S***,O***,s***@outlook.com,***-***-6096,1971-**-**,[MASKED ADDRESS],74502.07,inactive,2020-01-21
1572,E***,T***,e***@yahoo.com,***-***-2612,1991-**-**,[MASKED ADDRESS],142839.23,unknown,2021-03-04
1573,G***,T***,g***@outlook.com,***-***-6435,1971-**-**,[MASKED ADDRESS],,suspended,2020-07-21
1574,A***,U***,a***@mail.company.co.uk,***-***-0265,1956-**-**,[MASKED ADDRESS],99015.86,suspended,2021-03-15
1575,T***,M***,t***@mail.company.co.uk,,1988-**-**,[MASKED ADDRESS],129550.37,inactive,2016-01-13
1576,D***,D***,d***@company.co.uk,***-***-7392,1976-**-**,[MASKED ADDRESS],178825.80,suspended,2015-07-19
1577,M***,D***,m***@outlook.com,***-***-2536,1946-**-**,[MASKED ADDRESS],227771.34,active,2017-07-04
1578,J***,D***,j***@gmail.com,***-***-9915,1979-**-**,[MASKED ADDRESS],22881.16,suspended,2015-09-24
1579,S***,N***,s***@yahoo.com,***-***-9345,1957-**-**,[MASKED ADDRESS],112115.11,active,2018-05-15
1580,J***,N***,j***@outlook.com,***-***-2245,1961-**-**,[MASKED ADDRESS],106146.52,suspended,2015-10-18
1581,M***,W***,m***@gmail.com,***-***-6774,1972-**-**,[MASKED ADDRESS],67000.00,inactive,2024-05-18
1582,D***,N***,d***@yahoo.com,***-***-8145,1978-**-**,[MASKED ADDRESS],165729.03,inactive,2022-04-17
1583,A***,d***,a***@company.co.uk,***-***-9659,2001-**-**,[MASKED ADDRESS],95466.36,suspended,2021-03-15
1584,A***,M***,a***@yahoo.com,***-***-3143,1986-**-**,[MASKED ADDRESS],224279.34,suspended,2022-09-15
1585,N***,D***,n***@outlook.com,***-***-5527,1998-**-**,[MASKED ADDRESS],122883.62,inactive,2017-10-31
1586,N***,S***,n***@mail.company.co.uk,***-***-9561,1985-**-**,[MASKED ADDRESS],154888.87,inactive,2016-07-26
1587,J***,S***,j***@mail.company.co.uk,***-***-5787,,[MASKED ADDRESS],149095.02,suspended,2017-08-26
1588,C***,M***,c***@yahoo.com,***-***-1493,1995-**-**,[MASKED ADDRESS],122984.05,active,2021-03-15
1589,A***,d***,a***@yahoo.com,***-***-7276,2006-**-**,[MASKED ADDRESS],200553.12,active,2021-03-15
1590,D***,d***,d***@yahoo.com,***-***-5148,1964-**-**,[MASKED ADDRESS],176325.66,suspended,2021-03-15
1591,S***,M***,s***@company.co.uk,***-***-3744,1963-**-**,[MASKED ADDRESS],193766.91,active,2022-10-19
1592,M***,D***,m***@company.co.uk,***-***-6708,1986-**-**,[MASKED ADDRESS],225306.67,active,2015-11-12
1593,E***,D***,e***@yahoo.com,***-***-0143,1955-**-**,[MASKED ADDRESS],51638.71,suspended,2021-06-08
1594,L***,B***,l***@gmail.com,***-***-0009,1987-**-**,[MASKED ADDRESS],157296.53,suspended,2017-10-26
1595,M***,D***,m***@gmail.com,***-***-6756,1966-**-**,[MASKED ADDRESS],165036.61,suspended,2023-05-27
1596,N***,S***,n***@outlook.com,***-***-7621,1958-**-**,[MASKED ADDRESS],84423.25,inactive,2021-03-15
1597,O***,N***,o***@gmail.com,***-***-5775,1967-**-**,[MASKED ADDRESS],29073.44,suspended,2015-04-09
1598,O***,d***,o***@gmail.com,***-***-7100,1943-**-**,[MASKED ADDRESS],182853.72,suspended,2016-08-05
1599,O***,U***,o***,***-***-9327,1953-**-**,,,active,2016-11-09
1600,M***,T***,m***@mail.company.co.uk,***-***-9151,2006-**-**,[MASKED ADDRESS],68156.74,inactive,2018-05-16
1601,N***,v***,n***@gmail.com,***-***-3587,1962-**-**,[MASKED ADDRESS],92835.09,active,2022-06-08
1602,J***,H***,j***@gmail.com,***-***-5046,1984-**-**,[MASKED ADDRESS],158484.59,active,2021-08-27
1603,M***,S***,m***@mail.company.co.uk,***-***-2488,1940-**-**,[MASKED ADDRESS],230749.64,suspended,2015-06-15
1604,S***,J***,s***@yahoo.com,***-***-8034,1993-**-**,[MASKED ADDRESS],76095.82,suspended,2020-07-26
1605,J***,T***,j***@company.co.uk,***-***-4811,1975-**-**,[MASKED ADDRESS],51476.48,suspended,2016-08-27
1606,D***,A***,d***@yahoo.com,***-***-2008,1999-**-**,[MASKED ADDRESS],51784.77,active,2024-06-07
1607,E***,D***,e***@outlook.com,***-***-6919,1990-**-**,[MASKED ADDRESS],220747.43,active,2017-09-10
1608,P***,M***,p***@outlook.com,,1984-**-**,[MASKED ADDRESS],158928.99,inactive,2023-03-15
1609,M***,O***,m***@outlook.com,***-***-1028,1977-**-**,[MASKED ADDRESS],85566.39,active,2022-06-30
1.610E+00,P***,[MISSING],p***@company.co.uk,***-***-4483,1989-**-**,[MASKED ADDRESS],170402.82,active,2019-05-13
1611,N***,S***,n***@mail.company.co.uk,***-***-2127,2005-**-**,[MASKED ADDRESS],53518.22,inactive,2021-03-15
1612,M***,B***,,***-***-4424,1950-**-**,[MASKED ADDRESS],80400.63,active,2019-05-08
1613,P***,d***,p***@mail.company.co.uk,***-***-5604,2001-**-**,[MASKED ADDRESS],116614.37,inactive,2017-02-17
1614,M***,W***,m***@company.co.uk,***-***-5279,1957-**-**,,19023.51,inactive,2019-08-30
1615,[MISSING],W***,n***@gmail.com,***-***-9069,2005-**-**,[MASKED ADDRESS],83961.06,active,2022-06-16
1616,P***,D***,p***@mail.company.co.uk,***-***-8163,1966-**-**,[MASKED ADDRESS],233881.42,active,2016-01-25
1617,C***,M***,c***@gmail.com,***-***-9014,1947-**-**,[MASKED ADDRESS],24573.30,inactive,2018-09-27
1620,O***,B***,o***@outlook.com,***-***-9506,2000-**-**,[MASKED ADDRESS],107758.91,inactive,
1621,J***,T***,j***@gmail.com,***-***-6205,2001-**-**,[MASKED ADDRESS],216656.69,inactive,2018-01-26
1622,T***,J***,t***@company.co.uk,***-***-1809,1952-**-**,[MASKED ADDRESS],152823.85,suspended,2017-04-02
1623,J***,T***,j***@yahoo.com,***-***-7961,1989-**-**,[MASKED ADDRESS],38226.13,suspended,2023-05-16
1624,S***,A***,s***@yahoo.com,***-***-2442,1969-**-**,,59032.39,suspended,2017-10-25
1625,D***,d***,d***@company.co.uk,***-***-5320,1970-**-**,[MASKED ADDRESS],32923.04,active,2024-09-19
1626,M***,O***,m***@yahoo.com,,1976-**-**,[MASKED ADDRESS],36974.89,suspended,2022-01-20
1627,J***,O***,j***@mail.company.co.uk,***-***-3544,1969-**-**,,97005.32,inactive,2016-11-03
1628,J***,W***,j***@gmail.com,***-***-3425,1966-**-**,[MASKED ADDRESS],185154.54,inactive,2019-11-04
1629,E***,S***,e***,***-***-1389,1958-**-**,[MASKED ADDRESS],137261.54,suspended,2021-08-20
1630,C***,M***,c***@mail.company.co.uk,***-***-7292,1963-**-**,[MASKED ADDRESS],232903.18,active,2016-06-03
1631,N***,B***,n***@yahoo.com,***-***-3797,1961-**-**,[MASKED ADDRESS],141328.12,inactive,2021-03-15
1632,D***,M***,d***@yahoo.com,***-***-8957,1968-**-**,[MASKED ADDRESS],21420.62,active,2023-02-09
1633,M***,W***,m***@company.co.uk,***-***-6087,1996-**-**,[MASKED ADDRESS],42062.03,suspended,2018-04-11
1634,D***,v***,d***@gmail.com,***-***-8215,1943-**-**,[MASKED ADDRESS],15656.96,active,2022-02-20
1635,M***,D***,m***@yahoo.com,***-***-3733,1973-**-**,[MASKED ADDRESS],0.00,active,2019-08-08
1636,L***,S***,l***@yahoo.com,***-***-0769,1975-**-**,[MASKED ADDRESS],216382.25,inactive,2017-10-16
1637,D***,W***,d***@gmail.com,***-***-4835,1986-**-**,[MASKED ADDRESS],192772.67,suspended,2020-12-04
1638,P***,J***,p***@company.co.uk,***-***-4761,1943-**-**,[MASKED ADDRESS],240416.33,active,2020-04-08
1639,P***,N***,p***@gmail.com,***-***-6035,2002-**-**,[MASKED ADDRESS],210462.04,suspended,2018-04-01
1640,A***,W***,a***@outlook.com,***-***-9619,2003-**-**,[MASKED ADDRESS],138659.68,active,2021-10-20
1641,M***,W***,m***@mail.company.co.uk,***-***-0569,1947-**-**,[MASKED ADDRESS],132660.62,suspended,2021-03-15
1642,[MISSING],S***,n***,***-***-1835,1993-**-**,[MASKED ADDRESS],77013.48,suspended,2023-02-16
1643,O***,U***,o***@gmail.com,***-***-9890,1951-**-**,[MASKED ADDRESS],139523.80,active,2023-06-26
1644,E***,d***,e***@yahoo.com,***-***-6852,1962-**-**,[MASKED ADDRESS],163162.32,inactive,2019-06-08
1645,J***,B***,j***@mail.company.co.uk,***-***-0907,1958-**-**,[MASKED ADDRESS],90288.88,active,2023-08-11
1646,S***,H***,s***@gmail.com,***-***-9197,1952-**-**,[MASKED ADDRESS],86441.46,suspended,2023-10-01
1647,J***,O***,j***@company.co.uk,***-***-6132,1951-**-**,[MASKED ADDRESS],248399.77,active,2018-03-16
1648,L***,v***,l***@company.co.uk,***-***-6158,1998-**-**,[MASKED ADDRESS],199129.73,suspended,2017-10-13
1649,A***,A***,a***@mail.company.co.uk,***-***-3030,1960-**-**,[MASKED ADDRESS],179424.23,inactive,2022-03-07
1650,J***,M***,j***@yahoo.com,***-***-9869,1998-**-**,[MASKED ADDRESS],225853.94,suspended,2016-08-06
1651,T***,O***,t***@company.co.uk,***-***-2402,1963-**-**,[MASKED ADDRESS],,inactive,2021-03-15
1652,D***,T***,d***@gmail.com,***-***-4375,1953-**-**,[MASKED ADDRESS],,suspended,2019-05-20
1653,J***,U***,j***@gmail.com,***-***-0417,1945-**-**,[MASKED ADDRESS],188366.63,inactive,2024-09-04
1654,M***,H***,m***@outlook.com,***-***-0275,1979-**-**,[MASKED ADDRESS],185614.98,inactive,2021-09-08
1655,J***,M***,j***@yahoo.com,,1987-**-**,[MASKED ADDRESS],239235.41,suspended,2017-04-09
1656,S***,W***,s***@yahoo.com,,1959-**-**,[MASKED ADDRESS],96066.83,active,2024-12-30
1657,P***,M***,p***@gmail.com,***-***-0704,1948-**-**,[MASKED ADDRESS],38879.63,active,2020-03-12
1658,M***,M***,m***@gmail.com,***-***-2988,1957-**-**,[MASKED ADDRESS],176393.12,inactive,2017-08-06
1659,S***,M***,s***@company.co.uk,***-***-7366,1942-**-**,[MASKED ADDRESS],179526.21,inactive,2019-07-18
1660,J***,S***,j***@yahoo.com,***-***-5372,1947-**-**,[MASKED ADDRESS],176385.66,active,2020-11-11
1661,M***,D***,m***@company.co.uk,***-***-9676,2001-**-**,[MASKED ADDRESS],23880.21,active,2022-10-04
1662,N***,d***,n***@outlook.com,***-***-5533,1994-**-**,[MASKED ADDRESS],122603.08,active,2019-12-13
1663,G***,U***,g***@yahoo.com,***-***-4503,1946-**-**,[MASKED ADDRESS],50230.51,inactive,2023-01-22
1664,D***,v***,d***@gmail.com,,1956-**-**,[MASKED ADDRESS],218930.07,inactive,2021-12-12
1665,J***,T***,j***@gmail.com,***-***-2990,1975-**-**,[MASKED ADDRESS],165000.79,active,2021-03-15
1666,N***,M***,n***@gmail.com,***-***-1304,1969-**-**,[MASKED ADDRESS],242627.58,suspended,2022-10-16
1667,S***,N***,s***@outlook.com,***-***-8502,1974-**-**,[MASKED ADDRESS],174824.22,unknown,2022-01-16
1668,M***,W***,m***@company.co.uk,***-***-3262,2003-**-**,[MASKED ADDRESS],87281.41,inactive,2024-04-12
1669,E***,W***,e***@gmail.com,***-***-5198,1995-**-**,[MASKED ADDRESS],98156.98,suspended,2016-05-14
1670,N***,D***,,***-***-8425,1971-**-**,[MASKED ADDRESS],152138.27,inactive,2018-02-18
1671,J***,N***,j***@outlook.com,***-***-9639,1972-**-**,[MASKED ADDRESS],228964.39,suspended,1990-01-01
1672,[MISSING],J***,n***@yahoo.com,***-***-1896,1968-**-**,[MASKED ADDRESS],163756.21,active,2018-03-08
1673,M***,U***,m***@company.co.uk,***-***-6931,1997-**-**,[MASKED ADDRESS],136098.79,active,2018-03-25
1674,M***,M***,m***@gmail.com,***-***-1030,1994-**-**,[MASKED ADDRESS],36114.98,inactive,2017-04-15
1675,J***,M***,j***@company.co.uk,***-***-7865,1963-**-**,[MASKED ADDRESS],236402.37,suspended,2024-02-28
1676,L***,O***,l***@gmail.com,***-***-7201,1997-**-**,[MASKED ADDRESS],232561.82,active,2015-04-30
1677,M***,d***,m***@mail.company.co.uk,***-***-5356,1992-**-**,[MASKED ADDRESS],100467.69,suspended,2021-01-21
1678,A***,B***,a***@company.co.uk,***-***-4049,1991-**-**,[MASKED ADDRESS],214266.81,active,2016-12-15
1679,C***,d***,c***@company.co.uk,***-***-5355,1990-**-**,[MASKED ADDRESS],38160.76,inactive,2023-02-22
1680,E***,I***,e***@company.co.uk,***-***-9321,2001-**-**,[MASKED ADDRESS],29307.04,active,2018-02-13
1681,N***,v***,n***@gmail.com,***-***-2670,2005-**-**,[MASKED ADDRESS],186495.21,inactive,2016-01-14
1682,D***,N***,d***@mail.company.co.uk,***-***-7702,2001-**-**,[MASKED ADDRESS],50670.04,active,2022-11-08
1683,D***,d***,d***@gmail.com,***-***-2121,1943-**-**,[MASKED ADDRESS],139351.48,active,2021-12-26
1684,A***,H***,a***@gmail.com,***-***-4939,1949-**-**,[MASKED ADDRESS],175514.80,active,
1685,D***,A***,d***@gmail.com,***-***-6008,1971-**-**,[MASKED ADDRESS],45127.78,inactive,2021-03-15
1686,S***,W***,s***@outlook.com,***-***-2135,1942-**-**,[MASKED ADDRESS],114278.05,active,2021-04-02
1687,O***,D***,o***@company.co.uk,***-***-6755,1951-**-**,[MASKED ADDRESS],175845.44,active,2024-09-18
1688,S***,U***,s***@company.co.uk,***-***-1063,1992-**-**,[MASKED ADDRESS],74051.09,active,2017-10-25
1689,[MISSING],B***,n***@gmail.com,***-***-6759,1949-**-**,[MASKED ADDRESS],18085.32,suspended,2020-01-09
1690,S***,J***,s***@gmail.com,***-***-0882,1960-**-**,[MASKED ADDRESS],61881.21,active,2015-04-12
1691,M***,D***,m***@outlook.com,,2000-**-**,[MASKED ADDRESS],212007.72,inactive,2015-11-20
-273,G***,M***,g***@company.co.uk,***-***-9655,1950-**-**,[MASKED ADDRESS],191020.33,active,2021-03-11
1694,N***,A***,n***@gmail.com,***-***-0804,1991-**-**,[MASKED ADDRESS],242254.60,suspended,2021-05-17
1695,L***,W***,l***@gmail.com,***-***-0431,1944-**-**,[MASKED ADDRESS],170277.65,suspended,2022-01-15
1696,N***,W***,n***@mail.company.co.uk,***-***-7281,2005-**-**,[MASKED ADDRESS],233097.80,inactive,2016-10-20
1697,S***,M***,s***@outlook.com,***-***-2827,1942-**-**,[MASKED ADDRESS],213009.27,inactive,2018-05-11
1698,D***,M***,d***@outlook.com,***-***-6938,1985-**-**,[MASKED ADDRESS],182644.77,active,2019-10-01
3479,D***,d***,d***@mail.company.co.uk,***-***-9229,2000-**-**,[MASKED ADDRESS],243734.70,suspended,2022-01-18
1700,O***,T***,o***@gmail.com,***-***-5538,1952-**-**,[MASKED ADDRESS],133095.22,active,2019-06-27
1701,O***,T***,o***@company.co.uk,***-***-0361,1945-**-**,[MASKED ADDRESS],73347.01,suspended,2016-10-30
1702,T***,W***,t***@gmail.com,***-***-4169,1985-**-**,[MASKED ADDRESS],131464.11,suspended,2018-07-26
1703,A***,v***,a***@company.co.uk,***-***-1070,1951-**-**,[MASKED ADDRESS],49183.14,inactive,2020-10-18
1704,G***,d***,g***@mail.company.co.uk,***-***-8821,1962-**-**,[MASKED ADDRESS],88402.32,active,2021-08-06
1705,J***,d***,j***@yahoo.com,***-***-7827,1962-**-**,[MASKED ADDRESS],175450.02,suspended,2023-08-26
1706,T***,H***,c***@company.co.uk,***-***-6101,1973-**-**,[MASKED ADDRESS],151385.52,inactive,2019-03-17
1707,N***,H***,n***@company.co.uk,***-***-5091,1972-**-**,[MASKED ADDRESS],241718.09,suspended,2015-04-29
1708,S***,U***,s***@yahoo.com,***-***-4738,1975-**-**,[MASKED ADDRESS],173687.87,active,2016-09-15
1709,L***,M***,l***@company.co.uk,***-***-1103,1949-**-**,[MASKED ADDRESS],74032.25,suspended,
1710,J***,v***,j***@mail.company.co.uk,***-***-1296,1993-**-**,[MASKED ADDRESS],248640.77,inactive,2022-02-28
1711,S***,J***,s***@company.co.uk,***-***-9645,1987-**-**,[MASKED ADDRESS],56084.68,suspended,2021-03-15
1712,P***,T***,p***@company.co.uk,***-***-4672,1970-**-**,[MASKED ADDRESS],182537.43,suspended,2023-04-05
1713,O***,W***,o***@company.co.uk,***-***-4808,2000-**-**,[MASKED ADDRESS],175994.50,inactive,2015-02-21
1714,M***,U***,m***@outlook.com,***-***-0543,1960-**-**,[MASKED ADDRESS],68936.82,active,2024-09-05
1715,S***,U***,s***@gmail.com,***-***-4568,2000-**-**,[MASKED ADDRESS],140743.85,active,2021-12-12
1716,N***,T***,n***@yahoo.com,***-***-4185,2005-**-**,[MASKED ADDRESS],29316.40,inactive,2022-11-19
1717,P***,D***,p***@gmail.com,***-***-6247,1955-**-**,[MASKED ADDRESS],201201.96,active,2022-05-25
1718,E***,v***,e***@gmail.com,***-***-2748,1944-**-**,[MASKED ADDRESS],177541.27,inactive,2015-07-05
1719,D***,O***,d***@company.co.uk,***-***-4841,1974-**-**,[MASKED ADDRESS],167720.78,active,2023-06-20
1720,T***,O***,t***@outlook.com,***-***-1600,1941-**-**,[MASKED ADDRESS],238836.77,inactive,2018-09-19
1721,N***,W***,n***@mail.company.co.uk,***-***-1417,2003-**-**,[MASKED ADDRESS],108723.47,suspended,2021-12-08
1722,J***,O***,j***@yahoo.com,***-***-8753,1990-**-**,[MASKED ADDRESS],116860.52,suspended,2020-04-19
1723,D***,d***,d***@gmail.com,***-***-5947,1946-**-**,[MASKED ADDRESS],222077.19,inactive,2022-01-28
1724,E***,A***,e***@gmail.com,***-***-2280,1981-**-**,[MASKED ADDRESS],36199.90,inactive,2021-10-02
1725,N***,O***,n***@mail.company.co.uk,***-***-2900,1994-**-**,[MASKED ADDRESS],229652.04,suspended,2016-06-24
1726,A***,J***,a***@yahoo.com,***-***-2069,1972-**-**,[MASKED ADDRESS],180469.79,inactive,2020-02-25
1727,P***,M***,p***@gmail.com,***-***-0957,1986-**-**,[MASKED ADDRESS],36171.02,active,2021-01-30
1728,S***,[MISSING],s***@gmail.com,***-***-0016,1981-**-**,[MASKED ADDRESS],25250.60,inactive,2021-05-21
1730,T***,W***,t***@mail.company.co.uk,***-***-5093,1947-**-**,[MASKED ADDRESS],146947.88,active,2015-10-09
1731,S***,N***,s***@gmail.com,***-***-8682,1964-**-**,[MASKED ADDRESS],247585.71,inactive,2020-08-23
1732,E***,M***,e***@outlook.com,***-***-0777,1944-**-**,[MASKED ADDRESS],97823.22,inactive,2021-05-01
1733,O***,T***,o***@outlook.com,***-***-1666,1948-**-**,[MASKED ADDRESS],92205.48,inactive,2015-08-10
1734,D***,J***,d***@outlook.com,***-***-2902,1947-**-**,[MASKED ADDRESS],,inactive,2022-11-05
1735,S***,M***,s***@outlook.com,***-***-0524,1943-**-**,[MASKED ADDRESS],144424.97,suspended,2022-07-23
1737,S***,T***,s***@mail.company.co.uk,***-***-3991,2001-**-**,[MASKED ADDRESS],241482.21,unknown,2019-06-18
1738,N***,O***,n***@outlook.com,***-***-7847,2002-**-**,[MASKED ADDRESS],103117.63,active,2020-02-21
1739,E***,S***,e***@gmail.com,***-***-5129,1975-**-**,[MASKED ADDRESS],170450.49,active,2017-06-25
1.740E+00,M***,v***,m***@gmail.com,***-***-8863,1977-**-**,[MASKED ADDRESS],107256.79,active,2015-01-27
1741,L***,v***,l***@company.co.uk,***-***-3048,1993-**-**,[MASKED ADDRESS],71463.31,active,2024-12-02
1742,S***,W***,s***@gmail.com,***-***-7289,1970-**-**,[MASKED ADDRESS],38259.04,suspended,2021-03-15
1743,S***,M***,s***@gmail.com,***-***-8243,1988-**-**,[MASKED ADDRESS],125554.62,active,2020-10-17
1744,C***,M***,c***@yahoo.com,***-***-2532,1992-**-**,[MASKED ADDRESS],169478.78,active,2023-06-16
1745,[MISSING],d***,n***@yahoo.com,***-***-4128,1965-**-**,[MASKED ADDRESS],30519.16,inactive,2022-12-20
1746,[MISSING],S***,n***@gmail.com,***-***-2445,1951-**-**,[MASKED ADDRESS],39260.32,inactive,2016-06-19
1747,J***,U***,j***@gmail.com,***-***-7208,1971-**-**,[MASKED ADDRESS],168163.90,active,2024-11-27
1748,M***,U***,m***@gmail.com,***-***-8698,1942-**-**,[MASKED ADDRESS],148359.94,active,2019-09-16
1749,S***,J***,s***@company.co.uk,***-***-0664,2002-**-**,[MASKED ADDRESS],82430.84,inactive,2015-05-29
1750,D***,d***,d***@company.co.uk,***-***-9904,1980-**-**,[MASKED ADDRESS],242634.51,inactive,2024-04-17
1751,N***,T***,n***@gmail.com,***-***-1607,1976-**-**,[MASKED ADDRESS],76962.38,inactive,2024-12-13
1752,A***,M***,a***@outlook.com,***-***-4271,1943-**-**,[MASKED ADDRESS],139315.47,inactive,2017-12-29
1753,N***,v***,n***@company.co.uk,***-***-4395,1997-**-**,[MASKED ADDRESS],216452.89,suspended,2020-08-21
1754,T***,T***,t***@outlook.com,***-***-0129,1995-**-**,[MASKED ADDRESS],90927.68,suspended,2018-05-22
1755,G***,[MISSING],g***@outlook.com,***-***-4353,1950-**-**,[MASKED ADDRESS],201270.06,inactive,2021-03-15
1756,D***,J***,d***@company.co.uk,***-***-0491,2001-**-**,[MASKED ADDRESS],186524.02,suspended,2016-10-02
1757,P***,M***,p***@company.co.uk,***-***-8160,1984-**-**,[MASKED ADDRESS],67302.63,inactive,2019-10-28
1758,S***,D***,d***@mail.company.co.uk,***-***-5850,1979-**-**,[MASKED ADDRESS],10000000.00,suspended,2016-06-08
1759,L***,W***,l***@gmail,***-***-2022,1959-**-**,[MASKED ADDRESS],61557.17,inactive,2020-10-23
1760,J***,M***,j***@company.co.uk,***-***-6119,1971-**-**,[MASKED ADDRESS],206450.17,suspended,2020-11-08
1761,A***,M***,a***@yahoo.com,***-***-3713,1947-**-**,[MASKED ADDRESS],122891.96,inactive,2023-11-02
1762,E***,W***,e***@company.co.uk,***-***-5803,1989-**-**,[MASKED ADDRESS],212826.41,suspended,2020-12-27
1763,J***,D***,j***@mail.company.co.uk,***-***-2502,1954-**-**,[MASKED ADDRESS],51182.64,suspended,2021-05-07
1764,D***,M***,d***@gmail.com,***-***-3458,1944-**-**,[MASKED ADDRESS],28024.14,inactive,2024-04-13
1765,C***,O***,a***@mail.company.co.uk,***-***-3600,1955-**-**,[MASKED ADDRESS],100863.13,suspended,2020-05-04
1766,M***,M***,m***@outlook.com,***-***-1179,2000-**-**,[MASKED ADDRESS],184410.68,active,2020-01-21
1767,E***,S***,e***,***-***-0244,1998-**-**,[MASKED ADDRESS],191695.97,suspended,2020-12-18
1768,J***,N***,j***@company.co.uk,***-***-1309,1956-**-**,[MASKED ADDRESS],139648.20,suspended,2018-12-14
1769,D***,v***,d***@outlook.com,***-***-6262,2056-**-**,[MASKED ADDRESS],43447.07,active,2020-06-14
1770,A***,D***,a***@gmail.com,***-***-6895,1981-**-**,[MASKED ADDRESS],120782.65,active,2017-04-04
AB-6783,J***,T***,j***@yahoo.com,***-***-6326,1990-**-**,[MASKED ADDRESS],99151.95,inactive,2017-04-23
1772,L***,M***,l***@yahoo.com,***-***-6988,1947-**-**,[MASKED ADDRESS],117136.77,inactive,2021-03-15
1773,G***,T***,g***@outlook.com,***-***-9887,1994-**-**,[MASKED ADDRESS],221112.25,suspended,2024-05-20
1774,D***,v***,d***@company.co.uk,***-***-8735,1986-**-**,[MASKED ADDRESS],193658.47,active,2016-04-16
1775,J***,N***,j***@company.co.uk,***-***-9594,1951-**-**,[MASKED ADDRESS],49869.70,suspended,2015-04-23
1776,S***,B***,s***@gmail.com,***-***-9746,1969-**-**,[MASKED ADDRESS],158228.73,inactive,2021-03-13
1777,C***,M***,c***@outlook.com,***-***-3007,1976-**-**,[MASKED ADDRESS],77303.94,active,2020-01-21
1778,N***,O***,n***@gmail.com,***-***-2307,1965-**-**,[MASKED ADDRESS],170726.08,inactive,2017-12-15
1779,A***,M***,a***@mail.company.co.uk,***-***-9160,1965-**-**,[MASKED ADDRESS],231736.17,active,2016-09-19
1780,D***,v***,d***@gmail.com,***-***-4155,1979-**-**,[MASKED ADDRESS],115314.02,suspended,2023-06-03
1781,J***,J***,j***@mail.company.co.uk,***-***-9111,1983-**-**,[MASKED ADDRESS],141943.18,suspended,2023-12-10
1782,M***,M***,m***@yahoo.com,***-***-7198,2004-**-**,[MASKED ADDRESS],177381.20,inactive,2021-12-23
1783,E***,J***,e***@yahoo.com,***-***-7686,1970-**-**,[MASKED ADDRESS],152459.32,inactive,2020-12-26
1784,M***,D***,m***@yahoo.com,***-***-3052,1947-**-**,[MASKED ADDRESS],96464.07,inactive,2023-05-01
1785,M***,J***,m***@gmail.com,***-***-2474,1992-**-**,[MASKED ADDRESS],194614.75,active,2020-07-09
1786,G***,D***,g***@gmail.com,***-***-1851,1973-**-**,[MASKED ADDRESS],177703.68,active,2018-04-20
1787,J***,N***,j***@outlook.com,,1995-**-**,[MASKED ADDRESS],175239.69,suspended,2017-01-14
1788,D***,d***,d***@outlook.com,***-***-5224,1954-**-**,[MASKED ADDRESS],34673.01,active,2023-02-18
1789,A***,T***,a***@company.co.uk,***-***-5205,1999-**-**,[MASKED ADDRESS],51229.79,suspended,2022-06-13
1790,T***,T***,t***@gmail.com,***-***-1590,2004-**-**,[MASKED ADDRESS],67745.64,active,2015-12-09
1791,E***,J***,e***@gmail.com,***-***-7134,1988-**-**,[MASKED ADDRESS],91778.41,active,2018-06-05
1792,J***,v***,j***@company.co.uk,***-***-4006,1986-**-**,[MASKED ADDRESS],197141.64,inactive,2017-06-10
1793,O***,H***,o***@yahoo.com,***-***-1047,1954-**-**,[MASKED ADDRESS],230503.60,suspended,2016-01-04
1794,D***,H***,d***@outlook.com,***-***-2635,1957-**-**,[MASKED ADDRESS],19920.14,active,2021-03-15
1795,E***,W***,e***@gmail.com,***-***-5351,1964-**-**,[MASKED ADDRESS],232352.64,suspended,2023-09-24
1796,J***,O***,j***@company.co.uk,***-***-3721,1989-**-**,[MASKED ADDRESS],190541.20,suspended,2022-01-29
1797,N***,D***,n***@mail.company.co.uk,***-***-1218,1999-**-**,[MASKED ADDRESS],142032.60,active,2017-02-04
1798,M***,T***,m***@gmail.com,***-***-6318,1943-**-**,[MASKED ADDRESS],216230.64,active,2021-03-15
1799,T***,N***,t***@company.co.uk,***-***-4046,1966-**-**,[MASKED ADDRESS],106835.47,inactive,2023-07-26
1800,M***,D***,m***@yahoo.com,***-***-4470,1996-**-**,[MASKED ADDRESS],78007.51,suspended,2021-08-14
1801,L***,U***,l***@company.co.uk,***-***-4176,2001-**-**,[MASKED ADDRESS],157941.71,inactive,2020-03-07
1802,M***,T***,m***@mail.company.co.uk,***-***-9572,1963-**-**,[MASKED ADDRESS],42792.88,active,2016-07-25
1803,N***,J***,n***@outlook.com,,1988-**-**,[MASKED ADDRESS],144500.33,suspended,2021-03-15
1805,N***,A***,n***@mail.company.co.uk,***-***-1938,1954-**-**,[MASKED ADDRESS],223810.57,active,2018-04-25
1806,D***,J***,d***@mail.company.co.uk,***-***-6131,1943-**-**,[MASKED ADDRESS],219977.03,inactive,2017-01-24
1807,O***,[MISSING],o***@outlook.com,***-***-8174,1974-**-**,[MASKED ADDRESS],55119.78,active,2021-03-15
1808,D***,J***,d***@gmail.com,***-***-2092,1948-**-**,[MASKED ADDRESS],242928.98,inactive,2021-01-04
1809,O***,T***,o***@outlook.com,***-***-5001,1971-**-**,[MASKED ADDRESS],101537.20,active,2015-08-02
1810,S***,W***,s***@outlook.com,***-***-3519,1952-**-**,[MASKED ADDRESS],151436.53,suspended,2017-11-30
1811,D***,I***,d***@gmail.com,***-***-1124,1961-**-**,[MASKED ADDRESS],140712.76,suspended,2023-11-28
1812,D***,[MISSING],d***@gmail.com,***-***-5009,1999-**-**,[MASKED ADDRESS],135292.75,inactive,2020-05-13
1813,N***,M***,n***@yahoo.com,***-***-1069,1960-**-**,[MASKED ADDRESS],76568.38,active,2021-06-13
1814,J***,O***,j***@gmail.com,***-***-5576,2003-**-**,[MASKED ADDRESS],106617.67,suspended,2018-05-03
1815,O***,v***,o***@gmail.com,***-***-9355,1986-**-**,[MASKED ADDRESS],152194.64,suspended,2022-06-06
1816,D***,O***,d***@gmail.com,***-***-5376,1987-**-**,[MASKED ADDRESS],193729.12,inactive,2016-03-05
1817,D***,T***,d***@gmail.com,***-***-9990,1984-**-**,[MASKED ADDRESS],160040.86,suspended,2024-06-26
1818,L***,J***,l***@mail.company.co.uk,***-***-3621,1973-**-**,[MASKED ADDRESS],172199.95,suspended,2023-05-15
2518,C***,N***,c***@company.co.uk,***-***-3555,1985-**-**,[MASKED ADDRESS],16671.88,inactive,2023-06-05
1821,S***,A***,s***@gmail.com,***-***-9581,1956-**-**,[MASKED ADDRESS],159159.42,suspended,2020-04-15
1822,E***,H***,e***@company.co.uk,***-***-2901,1973-**-**,[MASKED ADDRESS],178693.45,inactive,2017-04-18
1823,D***,H***,d***@gmail.com,***-***-3095,,[MASKED ADDRESS],46565.41,active,2017-11-27
2776,E***,D***,e***@mail.company.co.uk,***-***-3564,1978-**-**,[MASKED ADDRESS],121084.43,active,2017-04-05
1825,S***,M***,s***@company.co.uk,***-***-7430,2010-**-**,[MASKED ADDRESS],194932.00,active,2023-07-10
1826,J***,M***,j***@yahoo.com,***-***-4652,,[MASKED ADDRESS],236388.70,suspended,2024-10-17
1827,N***,T***,n***@outlook.com,***-***-3811,,,83000.00,suspended,2022-11-24
1828,E***,M***,e***@gmail.com,***-***-5071,1996-**-**,[MASKED ADDRESS],146134.92,inactive,2024-09-15
1829,E***,W***,e***@yahoo.com,***-***-3505,1948-**-**,[MASKED ADDRESS],176572.43,unknown,2019-06-24
1830,J***,D***,j***@gmail,***-***-6784,1946-**-**,,126812.08,active,2017-09-23
1831,M***,S***,m***@company.co.uk,***-***-0567,1955-**-**,[MASKED ADDRESS],222880.88,inactive,2027-01-01
1832,P***,B***,p***@yahoo.com,***-***-0103,1967-**-**,[MASKED ADDRESS],233708.29,inactive,2022-04-07
1833,E***,v***,e***@gmail.com,***-***-7308,1982-**-**,[MASKED ADDRESS],97983.73,active,2015-11-20
1834,A***,S***,a***@mail.company.co.uk,***-***-9573,1950-**-**,[MASKED ADDRESS],233583.10,active,2019-10-27
1835,A***,O***,a***@company.co.uk,***-***-6902,1981-**-**,[MASKED ADDRESS],191062.34,suspended,2015-12-29
1836,J***,d***,j***@company.co.uk,***-***-9359,1987-**-**,[MASKED ADDRESS],80471.59,inactive,2015-06-10
1837,M***,H***,m***@yahoo.com,***-***-1080,1957-**-**,[MASKED ADDRESS],63912.27,active,2017-10-15
1838,N***,v***,,***-***-9308,1950-**-**,[MASKED ADDRESS],191947.61,active,2020-07-18
1839,M***,v***,m***@gmail.com,***-***-5518,1947-**-**,[MASKED ADDRESS],26905.62,suspended,2022-09-03
1840,S***,M***,s***@gmail.com,***-***-1514,1989-**-**,[MASKED ADDRESS],19270.21,unknown,2017-04-13
1841,T***,D***,t***@outlook.com,***-***-6626,1953-**-**,[MASKED ADDRESS],205376.63,suspended,2022-09-21
1842,D***,D***,d***@gmail.com,***-***-0551,1984-**-**,[MASKED ADDRESS],229494.54,active,2016-10-16
1843,L***,M***,l***@yahoo.com,***-***-8994,1977-**-**,[MASKED ADDRESS],224679.75,active,2021-09-30
1844,T***,J***,t***@yahoo.com,***-***-2879,1951-**-**,[MASKED ADDRESS],77155.61,unknown,2021-03-15
1845,P***,J***,p***@gmail.com,***-***-3584,1966-**-**,[MASKED ADDRESS],184006.95,active,2021-03-15
1846,G***,H***,g***@yahoo.com,***-***-1663,1951-**-**,[MASKED ADDRESS],113301.80,inactive,2023-10-13
1847,D***,W***,d***@gmail.com,***-***-8942,1964-**-**,[MASKED ADDRESS],29121.04,TRUE,2024-01-16
1848,J***,D***,j***@gmail.com,***-***-5033,2006-**-**,[MASKED ADDRESS],116713.55,suspended,2016-11-01
1849,E***,T***,e***@gmail.com,***-***-8078,1989-**-**,[MASKED ADDRESS],87079.91,suspended,2020-08-11
1850,E***,N***,e***@company.co.uk,***-***-4254,1941-**-**,[MASKED ADDRESS],102201.44,suspended,2023-12-30
1851,J***,U***,j***@company.co.uk,***-***-2331,2005-**-**,[MASKED ADDRESS],249883.09,suspended,2024-04-14
-305,J***,T***,j***@gmail.com,***-***-8132,1992-**-**,[MASKED ADDRESS],193052.54,active,2018-12-24
1853,J***,T***,j***@gmail.com,***-***-5974,1996-**-**,[MASKED ADDRESS],43054.27,active,2022-07-31
1854,J***,D***,j***@yahoo.com,,1995-**-**,[MASKED ADDRESS],247143.37,inactive,2021-03-15
1855,G***,O***,g***@gmail.com,***-***-0244,2004-**-**,,75369.89,active,2016-07-06
1856,E***,B***,e***@gmail.com,***-***-6265,1980-**-**,[MASKED ADDRESS],30578.91,active,2024-07-12
1857,D***,J***,d***@gmail.com,***-***-0072,1940-**-**,[MASKED ADDRESS],64792.11,active,2024-09-15
1858,N***,N***,n***@gmail,***-***-6964,1946-**-**,[MASKED ADDRESS],103608.39,suspended,2019-05-09
1859,G***,d***,g***@gmail.com,***-***-1941,1964-**-**,[MASKED ADDRESS],216047.84,inactive,2018-10-12
1860,S***,W***,s***@gmail.com,***-***-9703,1990-**-**,[MASKED ADDRESS],165280.58,suspended,2017-07-19
1861,A***,J***,a***@company.co.uk,***-***-1059,1942-**-**,[MASKED ADDRESS],127960.82,active,2021-03-15
1862,C***,M***,c***@company.co.uk,***-***-4943,1969-**-**,[MASKED ADDRESS],196085.79,suspended,2016-08-27
1863,M***,J***,m***@yahoo.com,***-***-3389,1946-**-**,[MASKED ADDRESS],177532.71,active,2020-12-06
1864,J***,H***,j***@outlook.com,***-***-9688,1955-**-**,[MASKED ADDRESS],176516.48,suspended,2020-04-26
1865,M***,T***,m***@outlook.com,***-***-5270,1945-**-**,[MASKED ADDRESS],117538.54,suspended,2021-03-15
1866,D***,M***,d***@yahoo.com,***-***-0977,1955-**-**,[MASKED ADDRESS],210081.09,inactive,2016-05-09
1867,E***,A***,e***@outlook.com,***-***-9051,1989-**-**,[MASKED ADDRESS],152360.82,active,2019-08-20
1868,[MISSING],N***,n***@outlook.com,***-***-6919,1946-**-**,[MASKED ADDRESS],197955.11,unknown,2018-04-07
1869,T***,M***,t***@gmail.com,***-***-9227,1979-**-**,[MASKED ADDRESS],192714.54,active,2018-12-03
1870,N***,d***,n***@yahoo.com,***-***-8081,1947-**-**,[MASKED ADDRESS],244110.95,inactive,2021-03-15
1871,N***,M***,n***@outlook.com,***-***-8015,1996-**-**,[MASKED ADDRESS],206775.16,inactive,2023-06-14
1872,E***,[MISSING],e***@yahoo.com,***-***-1273,1966-**-**,[MASKED ADDRESS],152423.67,active,2017-02-27
1873,E***,W***,e***@outlook.com,***-***-3706,1965-**-**,[MASKED ADDRESS],81936.71,suspended,2023-09-13
1874,A***,U***,a***@yahoo.com,***-***-5682,2006-**-**,[MASKED ADDRESS],36259.48,active,2018-09-27
1875,O***,D***,o***@mail.company.co.uk,***-***-1232,1967-**-**,[MASKED ADDRESS],197095.38,active,2020-01-10
1876,S***,M***,s***@yahoo.com,***-***-6566,1977-**-**,[MASKED ADDRESS],108680.83,active,2024-12-25
1877,G***,M***,g***@outlook.com,***-***-1000,2003-**-**,[MASKED ADDRESS],64322.68,active,2016-03-06
1878,J***,D***,j***@yahoo.com,***-***-6133,1962-**-**,[MASKED ADDRESS],173720.38,suspended,2021-08-16
1879,J***,O***,j***@x.com,***-***-9413,1958-**-**,[MASKED ADDRESS],53993.35,suspended,2019-11-10
1880,C***,J***,c***@mail.company.co.uk,***-***-7163,1982-**-**,[MASKED ADDRESS],198045.88,active,2022-02-24
1881,M***,U***,m***@gmail.com,***-***-1741,1971-**-**,[MASKED ADDRESS],153410.86,active,2016-01-07
1882,E***,T***,e***@yahoo.com,***-***-6840,2002-**-**,,210295.38,active,2019-01-19
0,J***,J***,j***@gmail.com,***-***-3289,1955-**-**,[MASKED ADDRESS],215261.82,inactive,2020-12-06
1884,J***,T***,j***@gmail.com,***-***-7142,1975-**-**,,68643.26,inactive,2019-12-27
1885,G***,W***,g***@company.co.uk,***-***-4243,1948-**-**,[MASKED ADDRESS],226483.12,suspended,2017-01-01
1886,N***,M***,n***@gmail.com,***-***-4112,1956-**-**,[MASKED ADDRESS],94942.51,inactive,2024-06-28
0,D***,M***,d***@company.co.uk,***-***-1274,1955-**-**,[MASKED ADDRESS],149560.88,active,2024-10-20
1888,G***,D***,g***@outlook.com,***-***-8449,2003-**-**,[MASKED ADDRESS],88543.79,inactive,2019-05-20
1889,M***,J***,m***@gmail.com,***-***-4992,1998-**-**,[MASKED ADDRESS],64885.49,suspended,2021-01-29
1890,S***,T***,s***@yahoo.com,***-***-3831,1946-**-**,[MASKED ADDRESS],22886.15,inactive,2022-10-20
1891,J***,A***,j***@company.co.uk,***-***-6748,1820-**-**,[MASKED ADDRESS],72727.07,inactive,2015-04-02
1892,S***,D***,s***@gmail.com,***-***-4607,1995-**-**,[MASKED ADDRESS],155481.76,inactive,2017-04-20
1893,E***,d***,e***@mail.company.co.uk,***-***-5159,1997-**-**,[MASKED ADDRESS],28790.44,suspended,2022-11-07
AB-4060,N***,D***,n***@gmail.com,***-***-0242,1992-**-**,[MASKED ADDRESS],180070.56,active,2017-08-13
1895,J***,A***,j***@outlook.com,***-***-9688,1999-**-**,[MASKED ADDRESS],19530.26,suspended,2019-09-11
1896,O***,d***,o***@yahoo.com,***-***-8691,1964-**-**,[MASKED ADDRESS],219817.84,suspended,2023-02-16
1897,M***,S***,m***@outlook.com,***-***-5631,1987-**-**,[MASKED ADDRESS],151515.91,active,2022-05-02
1898,D***,J***,d***@yahoo.com,***-***-7311,1985-**-**,[MASKED ADDRESS],156150.00,active,2023-08-22
1899,M***,S***,m***,***-***-9493,1990-**-**,[MASKED ADDRESS],235208.92,suspended,2019-04-26
-137,J***,D***,j***@yahoo.com,***-***-2870,1977-**-**,[MASKED ADDRESS],167975.77,inactive,2022-08-19
1901,J***,S***,j***@yahoo.com,***-***-6126,1993-**-**,[MASKED ADDRESS],228726.08,inactive,2022-11-24
1902,D***,S***,d***@yahoo.com,***-***-5051,2002-**-**,[MASKED ADDRESS],174722.37,inactive,2018-01-19
1903,N***,J***,n***@company.co.uk,***-***-6554,1957-**-**,[MASKED ADDRESS],161858.41,inactive,2016-06-13
1904,J***,M***,j***@outlook.com,***-***-3023,1976-**-**,[MASKED ADDRESS],237927.52,inactive,2018-11-13
1905,O***,D***,o***@yahoo.com,***-***-7822,1975-**-**,[MASKED ADDRESS],116949.66,active,2016-12-08
1906,P***,M***,p***@mail.company.co.uk,***-***-2535,,[MASKED ADDRESS],233537.37,suspended,2015-10-03
1907,D***,J***,d***@gmail.com,***-***-3344,1991-**-**,[MASKED ADDRESS],117173.00,suspended,2016-10-16
1908,D***,S***,d***@yahoo.com,***-***-5518,1942-**-**,[MASKED ADDRESS],76339.41,inactive,2021-05-17
1909,N***,J***,n***@company.co.uk,***-***-7763,1962-**-**,[MASKED ADDRESS],93303.30,suspended,2022-03-14
1910,J***,A***,j***@yahoo.com,***-***-3181,1995-**-**,[MASKED ADDRESS],165955.44,inactive,2021-03-15
1911,E***,D***,e***@gmail.com,***-***-3168,1943-**-**,[MASKED ADDRESS],158099.42,inactive,2019-12-24
1912,D***,T***,d***@gmail.com,***-***-5265,1994-**-**,[MASKED ADDRESS],169491.34,suspended,2018-01-02
1913,P***,O***,p***@outlook.com,***-***-1563,1980-**-**,[MASKED ADDRESS],26019.39,unknown,2015-02-16
1914,J***,T***,j***@mail.company.co.uk,***-***-9899,2003-**-**,[MASKED ADDRESS],195702.18,suspended,2021-03-15
1915,N***,T***,n***@gmail.com,***-***-0203,1968-**-**,[MASKED ADDRESS],63561.95,active,2019-09-07
1916,D***,D***,d***@gmail.com,***-***-0697,1994-**-**,[MASKED ADDRESS],179333.51,suspended,2022-01-21
1917,G***,W***,g***@company.co.uk,***-***-8800,1970-**-**,[MASKED ADDRESS],154589.91,inactive,2023-12-16
1918,D***,J***,d***@outlook.com,***-***-7868,1945-**-**,[MASKED ADDRESS],190285.99,suspended,2021-03-15
1919,J***,H***,j***@yahoo.com,***-***-6159,1972-**-**,[MASKED ADDRESS],45488.87,suspended,2015-01-25
1920,N***,J***,n***@gmail.com,***-***-0137,1951-**-**,[MASKED ADDRESS],43360.51,suspended,2016-11-06
1921,D***,S***,d***@yahoo.com,***-***-6078,2002-**-**,[MASKED ADDRESS],183402.84,active,2020-03-13
1922,J***,T***,j***@yahoo.com,***-***-9123,1965-**-**,[MASKED ADDRESS],43382.27,inactive,2018-12-06
1923,A***,U***,a***@yahoo.com,***-***-2447,1995-**-**,,110971.37,active,2019-09-29
1924,D***,H***,d***@yahoo.com,***-***-8257,1946-**-**,[MASKED ADDRESS],238515.01,active,2015-08-10
1925,J***,M***,j***@yahoo.com,***-***-9292,2003-**-**,[MASKED ADDRESS],247065.78,active,2020-02-29
1926,M***,N***,m***@mail.company.co.uk,***-***-6629,1978-**-**,[MASKED ADDRESS],77003.14,inactive,2015-01-29
1927,E***,M***,e***@gmail.com,***-***-0097,1948-**-**,[MASKED ADDRESS],214822.58,suspended,2020-05-16
1928,D***,U***,d***@gmail.com,***-***-3933,1975-**-**,[MASKED ADDRESS],70637.92,active,2020-12-31
-706,J***,M***,j***@gmail.com,***-***-2870,1966-**-**,[MASKED ADDRESS],157905.36,inactive,2018-08-08
1930,P***,D***,o***@company.co.uk,***-***-9983,1958-**-**,,107436.70,active,2016-09-25
1931,D***,D***,d***@company.co.uk,***-***-6785,1985-**-**,[MASKED ADDRESS],232495.58,active,2015-08-03
1932,C***,M***,c***@yahoo.com,***-***-0615,2003-**-**,[MASKED ADDRESS],117067.28,inactive,2019-10-20
1933,M***,H***,,***-***-6632,1985-**-**,[MASKED ADDRESS],149814.00,suspended,2021-07-29
1934,D***,v***,d***@gmail.com,***-***-1267,2003-**-**,,155345.62,active,2019-09-04
1935,D***,M***,d***@company.co.uk,***-***-8979,1987-**-**,[MASKED ADDRESS],43000.00,suspended,2023-04-25
1936,M***,[MISSING],e***@mail.company.co.uk,***-***-2647,2004-**-**,[MASKED ADDRESS],48215.80,active,2022-03-18
1937,C***,A***,c***@company.co.uk,***-***-4184,1973-**-**,[MASKED ADDRESS],136098.77,suspended,2023-09-10
1938,N***,S***,n***@company.co.uk,***-***-1955,1988-**-**,[MASKED ADDRESS],113393.25,inactive,2022-09-04
1939,C***,N***,c***@gmail.com,***-***-2820,1978-**-**,[MASKED ADDRESS],205184.32,active,2015-08-24
1940,S***,B***,s***@outlook.com,***-***-9645,,[MASKED ADDRESS],197249.90,inactive,2021-03-15
1941,T***,d***,t***@mail.company.co.uk,***-***-6737,1944-**-**,[MASKED ADDRESS],220072.82,active,
1942,M***,M***,m***@company.co.uk,***-***-2504,1949-**-**,[MASKED ADDRESS],98175.31,suspended,2020-09-17
1943,[MISSING],M***,n***@outlook.com,***-***-8986,1999-**-**,[MASKED ADDRESS],216304.16,active,2020-12-12
1944,C***,d***,c***,***-***-3725,2006-**-**,[MASKED ADDRESS],100845.42,suspended,2020-10-04
1946,O***,M***,o***@mail.company.co.uk,***-***-7265,1940-**-**,[MASKED ADDRESS],202583.82,suspended,2018-04-22
1947,S***,v***,s***@mail.company.co.uk,***-***-2187,1952-**-**,[MASKED ADDRESS],50603.53,inactive,2021-06-05
1948,T***,T***,t***@company.co.uk,***-***-7635,1992-**-**,[MASKED ADDRESS],154436.88,suspended,2022-09-08
1949,M***,v***,m***@gmail.com,***-***-8354,2003-**-**,[MASKED ADDRESS],111590.85,active,2022-09-07
1950,G***,B***,g***@gmail.com,***-***-1445,1989-**-**,[MASKED ADDRESS],21239.93,active,2019-05-09
1951,O***,J***,o***@yahoo.com,***-***-9064,1960-**-**,[MASKED ADDRESS],72013.45,inactive,2020-02-29
1952,M***,M***,m***@outlook.com,***-***-7976,2006-**-**,[MASKED ADDRESS],175116.21,inactive,2015-05-15
1953,M***,d***,m***@outlook.com,***-***-0732,1985-**-**,[MASKED ADDRESS],168079.17,active,2021-03-15
1954,D***,D***,d***@gmail.com,***-***-9858,1943-**-**,[MASKED ADDRESS],243777.84,suspended,2019-10-13
1955,J***,A***,j***@company.co.uk,***-***-0354,1959-**-**,[MASKED ADDRESS],219121.95,inactive,2022-12-03
1956,D***,M***,d***@yahoo.com,***-***-1453,1973-**-**,[MASKED ADDRESS],215816.06,active,2022-01-11
AB-4396,M***,U***,m***@gmail.com,***-***-6369,1950-**-**,[MASKED ADDRESS],189070.06,suspended,2015-09-18
1958,E***,W***,e***@gmail.com,***-***-3734,1966-**-**,[MASKED ADDRESS],62797.98,inactive,2021-03-15
1959,D***,A***,d***@yahoo.com,***-***-2483,1996-**-**,[MASKED ADDRESS],121318.67,suspended,2019-08-29
1960,J***,T***,j***@outlook.com,***-***-2097,2002-**-**,[MASKED ADDRESS],243408.08,inactive,2021-12-03
1961,L***,T***,l***@company.co.uk,***-***-2690,1971-**-**,[MASKED ADDRESS],205115.92,active,2017-10-05
1962,D***,v***,d***@gmail.com,***-***-5832,1954-**-**,[MASKED ADDRESS],0.00,suspended,2017-01-02
1963,M***,W***,m***@outlook.com,***-***-9000,1952-**-**,[MASKED ADDRESS],69854.91,inactive,2023-03-15
1964,J***,W***,j***@outlook.com,***-***-8617,1992-**-**,[MASKED ADDRESS],152043.28,inactive,2019-11-19
1965,J***,J***,j***@mail.company.co.uk,***-***-3377,1969-**-**,[MASKED ADDRESS],163357.22,active,2021-02-24
1966,J***,U***,j***@outlook.com,***-***-0866,1989-**-**,[MASKED ADDRESS],232256.96,inactive,2017-01-04
1967,N***,S***,n***@mail.company.co.uk,***-***-0309,1952-**-**,[MASKED ADDRESS],127893.91,active,2023-04-14
1968,S***,U***,s***@yahoo.com,***-***-0612,1992-**-**,[MASKED ADDRESS],240806.87,active,2016-04-11
1969,A***,v***,a***@yahoo.com,***-***-1912,1954-**-**,[MASKED ADDRESS],93315.29,active,2018-05-07
1970,L***,S***,l***@company.co.uk,***-***-0893,1992-**-**,[MASKED ADDRESS],218737.86,suspended,2022-02-22
1971,J***,J***,j***@outlook.com,***-***-6077,1990-**-**,[MASKED ADDRESS],219999.30,suspended,2019-09-02
1972,S***,U***,s***@yahoo.com,***-***-4436,1975-**-**,[MASKED ADDRESS],179431.78,suspended,2021-06-19
1973,G***,W***,g***@company.co.uk,***-***-4879,1982-**-**,[MASKED ADDRESS],91135.67,suspended,2021-02-24
1974,T***,[MISSING],g***@yahoo.com,***-***-3872,1989-**-**,[MASKED ADDRESS],132521.87,suspended,2022-10-16
1975,N***,D***,n***@yahoo.com,***-***-1563,1995-**-**,[MASKED ADDRESS],42688.79,inactive,2017-03-15
1976,L***,T***,l***@yahoo.com,***-***-5643,1958-**-**,[MASKED ADDRESS],153328.33,active,2024-03-15
1977,M***,B***,m***@company.co.uk,***-***-1448,1980-**-**,[MASKED ADDRESS],22722.45,active,2023-10-22
1978,G***,T***,g***@gmail.com,***-***-3794,1964-**-**,[MASKED ADDRESS],38591.85,suspended,2022-10-02
1979,M***,M***,m***@gmail.com,***-***-1699,1965-**-**,[MASKED ADDRESS],231834.71,active,2021-04-20
1980,T***,U***,t***@gmail.com,***-***-4037,1950-**-**,[MASKED ADDRESS],249157.09,active,2015-09-09
1981,S***,v***,s***@company.co.uk,***-***-7873,2002-**-**,[MASKED ADDRESS],175233.61,active,2018-05-27
1982,J***,N***,j***@outlook.com,***-***-8742,1996-**-**,[MASKED ADDRESS],117492.86,inactive,2018-04-21
1983,M***,W***,m***@gmail.com,***-***-9463,1955-**-**,[MASKED ADDRESS],70805.12,active,2019-08-11
1984,E***,H***,e***@outlook.com,***-***-8140,,[MASKED ADDRESS],124638.00,suspended,2020-11-02
1985,T***,A***,t***@mail.company.co.uk,***-***-1736,1996-**-**,[MASKED ADDRESS],63928.70,suspended,2016-08-19
1986,D***,D***,d***@outlook.com,***-***-6271,1982-**-**,[MASKED ADDRESS],103847.17,inactive,2017-12-03
1987,S***,S***,s***@company.co.uk,***-***-4455,1948-**-**,[MASKED ADDRESS],184227.04,suspended,2017-07-28
1989,C***,D***,c***@mail.company.co.uk,***-***-7154,1997-**-**,[MASKED ADDRESS],21864.50,active,2015-04-08
1990,A***,T***,a***@gmail.com,***-***-8364,1948-**-**,[MASKED ADDRESS],222689.70,active,2022-03-12
1991,O***,U***,o***@gmail.com,***-***-9147,1950-**-**,[MASKED ADDRESS],109586.90,inactive,2021-03-15
1992,J***,v***,j***@gmail.com,***-***-9435,1940-**-**,[MASKED ADDRESS],137158.15,unknown,2023-03-01
1993,L***,D***,l***@gmail.com,***-***-7277,1959-**-**,[MASKED ADDRESS],99062.87,suspended,2020-05-15
1994,E***,U***,e***@gmail.com,***-***-0149,2000-**-**,[MASKED ADDRESS],22498.79,suspended,2021-03-15
1995,N***,T***,n***@gmail.com,***-***-6294,1984-**-**,[MASKED ADDRESS],71203.03,active,2021-03-15
1996,A***,M***,a***@yahoo.com,,1994-**-**,[MASKED ADDRESS],51888.96,active,2020-03-15
1997,S***,M***,s***@company.co.uk,***-***-0081,1951-**-**,[MASKED ADDRESS],25612.05,unknown,2015-07-04
1998,J***,M***,j***@yahoo.com,***-***-9891,1945-**-**,[MASKED ADDRESS],95020.33,suspended,2020-07-09
2000,G***,B***,g***@outlook.com,***-***-1710,2000-**-**,[MASKED ADDRESS],56546.86,inactive,2015-04-19
2001,M***,T***,m***@gmail.com,***-***-2553,1946-**-**,[MASKED ADDRESS],127288.49,inactive,2016-09-11
2002,N***,D***,n***@outlook.com,***-***-3615,1947-**-**,[MASKED ADDRESS],190417.55,inactive,2017-10-03
2003,D***,W***,d***@outlook.com,***-***-6227,1958-**-**,[MASKED ADDRESS],175507.65,suspended,2018-10-28
2004,D***,T***,d***@gmail.com,***-***-7011,1956-**-**,[MASKED ADDRESS],80717.72,active,2017-10-16
2005,N***,U***,n***@outlook.com,***-***-9644,1954-**-**,[MASKED ADDRESS],161986.46,inactive,2021-05-13
2006,C***,D***,c***@company.co.uk,***-***-6846,1956-**-**,[MASKED ADDRESS],75489.15,active,2021-06-15
2007,S***,M***,s***@company.co.uk,***-***-0102,1970-**-**,[MASKED ADDRESS],169028.22,active,2021-11-07
2008,L***,D***,l***@yahoo.com,***-***-4419,2004-**-**,,110644.09,active,2021-03-15
2009,D***,[MISSING],d***@yahoo.com,***-***-8486,1964-**-**,[MASKED ADDRESS],121069.33,active,2020-09-17
2010,N***,M***,n***@yahoo.com,***-***-4148,1965-**-**,[MASKED ADDRESS],80783.96,active,2017-02-08
2011,M***,W***,m***@gmail.com,***-***-6414,1970-**-**,[MASKED ADDRESS],150613.11,suspended,2021-03-15
2012,G***,U***,g***@gmail.com,***-***-8559,1949-**-**,[MASKED ADDRESS],61314.97,active,2019-07-10
2013,A***,M***,a***@outlook.com,***-***-2535,1998-**-**,[MASKED ADDRESS],100966.21,inactive,2020-10-20
2014,M***,U***,m***@yahoo.com,***-***-1075,1943-**-**,[MASKED ADDRESS],141692.85,inactive,2022-11-30
2015,S***,M***,s***@yahoo.com,***-***-2326,2002-**-**,[MASKED ADDRESS],233322.18,inactive,
2016,J***,N***,j***@company.co.uk,***-***-7045,1998-**-**,[MASKED ADDRESS],90184.77,inactive,2019-10-13
2017,N***,W***,,***-***-2049,1940-**-**,[MASKED ADDRESS],190520.44,active,2020-08-15
2018,J***,U***,j***@gmail.com,***-***-1199,1952-**-**,[MASKED ADDRESS],223785.27,inactive,2020-06-03
2019,L***,B***,l***@mail.company.co.uk,***-***-9544,1949-**-**,[MASKED ADDRESS],-13374.00,suspended,2017-03-08
2020,J***,J***,j***@mail.company.co.uk,***-***-5972,1981-**-**,[MASKED ADDRESS],246257.47,pending,2022-07-14
2021,S***,v***,s***@outlook.com,***-***-0718,2003-**-**,[MASKED ADDRESS],109311.54,suspended,2017-12-07
2022,O***,O***,o***@outlook.com,***-***-3391,1948-**-**,[MASKED ADDRESS],105334.92,suspended,2019-08-20
2023,A***,M***,a***,***-***-6679,1953-**-**,[MASKED ADDRESS],154177.49,suspended,2016-06-10
AB-1813,1***,D***,1***@company.co.uk,,1965-**-**,[MASKED ADDRESS],28399.71,suspended,2017-08-18
2025,D***,U***,d***@gmail.com,***-***-0931,1992-**-**,[MASKED ADDRESS],15834.60,suspended,2016-12-11
2026,G***,T***,g***@yahoo.com,***-***-3770,1963-**-**,[MASKED ADDRESS],55042.52,active,2024-02-03
2027,D***,W***,d***@outlook.com,***-***-7503,1971-**-**,[MASKED ADDRESS],143892.83,suspended,2024-08-31
2028,D***,d***,a***@company.co.uk,***-***-5053,1977-**-**,[MASKED ADDRESS],110300.97,inactive,2016-02-07
2029,D***,O***,d***@yahoo.com,,1997-**-**,[MASKED ADDRESS],135959.96,active,2022-09-18
2030,M***,T***,m***@gmail.com,***-***-3962,1990-**-**,[MASKED ADDRESS],116951.02,inactive,2015-04-13
-75,N***,O***,n***@outlook.com,***-***-6349,1989-**-**,[MASKED ADDRESS],97465.94,suspended,2022-04-09
2032,M***,J***,m***@gmail.com,***-***-4290,2003-**-**,[MASKED ADDRESS],162217.95,active,2015-03-15
2033,D***,S***,d***@gmail.com,***-***-0376,1997-**-**,[MASKED ADDRESS],64542.84,suspended,
2034,J***,T***,j***@company.co.uk,***-***-9407,1961-**-**,[MASKED ADDRESS],165870.23,inactive,2021-09-13
2035,J***,U***,j***@yahoo.com,***-***-6105,1969-**-**,[MASKED ADDRESS],113425.77,suspended,2023-05-20
2036,A***,M***,a***@company.co.uk,***-***-8102,1975-**-**,[MASKED ADDRESS],126099.13,active,2021-10-30
2037,D***,d***,d***@outlook.com,***-***-9782,1988-**-**,[MASKED ADDRESS],56094.09,inactive,
2038,E***,d***,e***@company.co.uk,***-***-2324,1992-**-**,[MASKED ADDRESS],47361.21,inactive,2015-06-07
0,D***,[MISSING],d***@outlook.com,***-***-2281,1993-**-**,[MASKED ADDRESS],33487.30,active,2017-09-05
2040,P***,M***,p***@gmail.com,***-***-7112,1974-**-**,[MASKED ADDRESS],60223.13,inactive,2018-11-02
2041,T***,d***,t***@yahoo.com,***-***-4987,1972-**-**,[MASKED ADDRESS],58822.09,inactive,2017-10-10
2042,D***,T***,d***@company.co.uk,***-***-2732,1963-**-**,[MASKED ADDRESS],244291.11,inactive,2021-08-10
2043,M***,d***,m***@mail.company.co.uk,***-***-1208,1984-**-**,[MASKED ADDRESS],153690.66,active,2022-11-23
2044,S***,W***,s***@gmail.com,***-***-1481,1998-**-**,[MASKED ADDRESS],174687.64,suspended,2017-10-05
2045,S***,D***,s***@gmail.com,***-***-0397,1996-**-**,[MASKED ADDRESS],230107.60,active,2024-08-06
2046,J***,B***,j***@mail.company.co.uk,***-***-2072,1970-**-**,[MASKED ADDRESS],159380.17,suspended,2017-07-25
2047,S***,M***,s***@outlook.com,***-***-7129,1950-**-**,[MASKED ADDRESS],96370.42,suspended,2015-11-28
2049,O***,W***,o***@company.co.uk,***-***-1127,2004-**-**,[MASKED ADDRESS],171282.23,active,2023-06-01
2050,P***,B***,p***@gmail.com,***-***-8960,1961-**-**,[MASKED ADDRESS],43566.24,inactive,
2051,M***,M***,m***@gmail.com,***-***-5017,1978-**-**,[MASKED ADDRESS],183558.77,inactive,2020-02-14
2052,N***,S***,n***@outlook.com,***-***-0105,1947-**-**,[MASKED ADDRESS],234663.93,inactive,2019-06-08
2053,S***,D***,s***@company.co.uk,***-***-1905,2000-**-**,[MASKED ADDRESS],46600.92,inactive,2019-12-10
2054,S***,W***,s***@company.co.uk,***-***-2290,1998-**-**,[MASKED ADDRESS],56338.56,suspended,2018-04-30
2055,L***,B***,l***@gmail.com,***-***-3715,1975-**-**,[MASKED ADDRESS],106250.06,suspended,2020-09-22
2056,D***,O***,d***@gmail.com,***-***-9885,1960-**-**,[MASKED ADDRESS],49067.21,suspended,2022-03-22
2057,N***,M***,n***@gmail,***-***-2378,1947-**-**,[MASKED ADDRESS],19799.23,inactive,2023-08-31
2058,J***,M***,j***@gmail.com,***-***-9529,1996-**-**,[MASKED ADDRESS],143377.04,inactive,2018-12-28
2059,O***,B***,o***@gmail.com,***-***-5134,1961-**-**,[MASKED ADDRESS],101132.99,active,2023-06-13
2060,A***,W***,a***@gmail.com,***-***-9666,1992-**-**,[MASKED ADDRESS],18047.49,inactive,2023-12-02
2061,N***,W***,n***@yahoo.com,***-***-8632,,[MASKED ADDRESS],191187.74,inactive,2018-10-31
2062,G***,v***,g***@yahoo.com,***-***-3568,1953-**-**,[MASKED ADDRESS],156046.74,inactive,2024-11-05
2063,P***,H***,p***@gmail.com,***-***-3078,1943-**-**,[MASKED ADDRESS],37951.95,suspended,2017-08-15
2064,J***,S***,j***@company.co.uk,***-***-0755,1978-**-**,[MASKED ADDRESS],22545.96,suspended,2016-12-21
2065,D***,W***,d***@gmail.com,***-***-1090,1959-**-**,[MASKED ADDRESS],43440.61,suspended,2015-02-15
2066,D***,M***,d***@gmail.com,***-***-3760,1945-**-**,[MASKED ADDRESS],37123.97,suspended,2018-04-03
2067,N***,T***,n***@gmail.com,,1967-**-**,[MASKED ADDRESS],30304.53,unknown,2021-03-15
2068,S***,O***,s***@yahoo.com,***-***-2199,1969-**-**,[MASKED ADDRESS],0.00,inactive,2021-03-15
2069,E***,M***,e***@company.co.uk,***-***-2838,1991-**-**,[MASKED ADDRESS],161901.44,active,2015-03-08
2070,A***,D***,a***@yahoo.com,***-***-6719,1966-**-**,[MASKED ADDRESS],235681.65,inactive,2021-11-12
2071,S***,M***,s***@yahoo.com,***-***-9084,1941-**-**,[MASKED ADDRESS],193392.80,suspended,2019-03-09
2072,J***,S***,j***@company.co.uk,***-***-9845,1982-**-**,[MASKED ADDRESS],16064.60,suspended,2016-07-12
2073,D***,A***,d***@company.co.uk,***-***-7040,1988-**-**,[MASKED ADDRESS],215537.85,inactive,2015-12-15
2074,M***,W***,m***@company.co.uk,***-***-5873,2005-**-**,[MASKED ADDRESS],130477.77,suspended,2022-08-29
2075,D***,J***,d***@company.co.uk,***-***-4558,1941-**-**,[MASKED ADDRESS],208833.64,inactive,2021-03-15
2076,N***,T***,n***@gmail.com,***-***-2032,2003-**-**,[MASKED ADDRESS],200552.60,active,2018-03-23
2077,T***,J***,t***@outlook.com,***-***-1385,1952-**-**,[MASKED ADDRESS],15360.44,suspended,2016-08-26
2078,J***,N***,j***@yahoo.com,***-***-0845,1977-**-**,[MASKED ADDRESS],198507.51,suspended,2017-08-10
2079,D***,J***,d***@company.co.uk,***-***-7348,1951-**-**,[MASKED ADDRESS],112166.96,active,2019-12-26
2080,M***,O***,m***@company.co.uk,***-***-6133,2001-**-**,[MASKED ADDRESS],119839.40,inactive,
2081,L***,M***,l***@yahoo.com,***-***-7655,1967-**-**,[MASKED ADDRESS],195134.72,active,2021-08-06
2082,M***,J***,m***@outlook.com,***-***-4759,1970-**-**,[MASKED ADDRESS],218256.01,inactive,2015-05-11
2083,J***,J***,j***@gmail.com,***-***-1149,1962-**-**,[MASKED ADDRESS],155495.71,suspended,2018-07-11
2084,S***,T***,s***@company.co.uk,***-***-6985,2005-**-**,[MASKED ADDRESS],135113.61,inactive,2023-03-22
2085,D***,U***,d***@gmail.com,***-***-6043,1993-**-**,[MASKED ADDRESS],69415.98,suspended,2020-07-26
2086,J***,M***,j***@company.co.uk,***-***-4151,1946-**-**,[MASKED ADDRESS],218889.49,suspended,2017-11-03
2087,C***,D***,c***@yahoo.com,***-***-4300,1941-**-**,[MASKED ADDRESS],141258.58,suspended,2019-07-23
2088,J***,B***,j***@outlook.com,***-***-0141,1986-**-**,[MASKED ADDRESS],238453.57,suspended,2016-11-18
2089,O***,d***,o***@outlook.com,***-***-1244,1989-**-**,[MASKED ADDRESS],56786.41,active,2018-06-28
3819,P***,M***,p***@yahoo.com,***-***-2240,1951-**-**,[MASKED ADDRESS],167875.20,suspended,2021-10-24
2091,S***,N***,s***@yahoo.com,***-***-6579,1962-**-**,[MASKED ADDRESS],24162.99,inactive,2020-01-17
2092,S***,d***,s***@outlook.com,***-***-5125,1976-**-**,[MASKED ADDRESS],146215.01,suspended,2016-08-02
2093,O***,D***,o***@mail.company.co.uk,,1974-**-**,[MASKED ADDRESS],214708.27,suspended,2022-06-13
2094,S***,D***,s***@yahoo.com,***-***-8179,1997-**-**,[MASKED ADDRESS],78682.66,suspended,
2095,D***,J***,d***@company.co.uk,,1981-**-**,[MASKED ADDRESS],145777.76,active,2015-12-28
2096,J***,N***,j***@gmail.com,***-***-8454,1974-**-**,,99273.86,inactive,2024-01-09
2097,C***,T***,c***@outlook.com,,1996-**-**,[MASKED ADDRESS],232785.33,inactive,2022-10-26
2098,O***,W***,o***@gmail.com,***-***-9692,1948-**-**,[MASKED ADDRESS],80117.14,active,2021-11-25
2099,T***,S***,s***@outlook.com,***-***-9331,1946-**-**,[MASKED ADDRESS],99996.51,active,2021-03-15
2100,T***,J***,t***@yahoo.com,,1962-**-**,[MASKED ADDRESS],170294.94,active,2022-06-10
2101,E***,M***,e***@gmail.com,***-***-3577,1973-**-**,[MASKED ADDRESS],210473.74,inactive,2021-03-15
2102,N***,T***,n***@company.co.uk,***-***-5855,1947-**-**,[MASKED ADDRESS],179504.75,suspended,2018-02-06
2103,D***,N***,d***@yahoo.com,***-***-1971,1998-**-**,[MASKED ADDRESS],98564.29,inactive,2019-11-21
2104,N***,d***,n***@mail.company.co.uk,***-***-3384,1985-**-**,[MASKED ADDRESS],188055.91,suspended,2016-12-07
2105,M***,O***,m***@yahoo.com,***-***-0799,1986-**-**,[MASKED ADDRESS],79529.66,active,
2106,G***,M***,g***@company.co.uk,***-***-1709,1969-**-**,[MASKED ADDRESS],24612.18,inactive,2023-05-21
2107,D***,J***,d***@mail.company.co.uk,***-***-9394,1993-**-**,[MASKED ADDRESS],51087.51,FALSE,2018-08-07
2108,D***,W***,d***@company.co.uk,***-***-2273,1954-**-**,[MASKED ADDRESS],165716.72,suspended,2020-01-01
2109,J***,T***,j***@gmail.com,***-***-7917,1946-**-**,[MASKED ADDRESS],94677.51,inactive,2021-03-15
2110,G***,T***,g***@company.co.uk,***-***-5230,1943-**-**,[MASKED ADDRESS],181465.35,inactive,2023-08-03
2111,J***,H***,j***@yahoo.com,***-***-0880,2002-**-**,[MASKED ADDRESS],248615.70,active,2018-09-26
2112,G***,d***,g***@gmail.com,***-***-8790,1955-**-**,[MASKED ADDRESS],78535.42,suspended,2016-01-26
2113,D***,W***,d***@gmail.com,***-***-6109,1941-**-**,[MASKED ADDRESS],100099.46,suspended,2015-07-01
2114,M***,T***,m***@yahoo.com,***-***-4947,1966-**-**,[MASKED ADDRESS],129947.85,suspended,2018-04-06
2115,M***,[MISSING],c***@outlook.com,***-***-0607,1942-**-**,[MASKED ADDRESS],22341.35,active,2015-05-25
2116,D***,J***,d***@mail.company.co.uk,***-***-1603,2003-**-**,[MASKED ADDRESS],249580.38,inactive,2019-02-16
2117,M***,J***,m***@yahoo.com,***-***-1398,1960-**-**,[MASKED ADDRESS],125002.45,active,2021-03-15
2118,N***,M***,n***@company.co.uk,***-***-4391,1942-**-**,[MASKED ADDRESS],196932.16,inactive,2016-09-20
2119,A***,H***,a***@outlook.com,***-***-8299,1986-**-**,[MASKED ADDRESS],61089.16,active,2022-05-17
2120,N***,B***,n***@gmail.com,***-***-5015,1968-**-**,[MASKED ADDRESS],103074.40,inactive,2015-11-09
2121,N***,T***,n***@company.co.uk,***-***-5539,1958-**-**,[MASKED ADDRESS],85713.44,inactive,2015-11-25
2122,E***,4***,e***@outlook.com,***-***-1823,1955-**-**,,221435.68,inactive,2020-05-31
2123,T***,M***,t***@yahoo.com,***-***-9891,1983-**-**,[MASKED ADDRESS],24822.21,suspended,2015-07-22
2.124E+00,N***,M***,n***@gmail.com,***-***-6563,1978-**-**,[MASKED ADDRESS],175901.28,inactive,2017-10-21
2125,M***,M***,m***@yahoo.com,***-***-9767,1944-**-**,[MASKED ADDRESS],106946.06,inactive,2016-04-27
2126,M***,U***,m***@mail.company.co.uk,***-***-0056,1950-**-**,[MASKED ADDRESS],218237.28,active,2019-02-16
2127,A***,d***,,***-***-5345,1983-**-**,[MASKED ADDRESS],21109.60,active,2024-01-22
2128,N***,W***,n***@company.co.uk,***-***-5552,1994-**-**,[MASKED ADDRESS],22674.71,inactive,2021-06-05
2129,N***,[MISSING],n***@yahoo.com,***-***-9676,1961-**-**,[MASKED ADDRESS],109872.28,suspended,
2130,C***,v***,c***@gmail.com,***-***-7740,1944-**-**,[MASKED ADDRESS],93332.78,inactive,2017-12-17
2131,J***,T***,j***@outlook.com,***-***-3558,1988-**-**,[MASKED ADDRESS],27094.13,suspended,2019-01-14
2132,A***,H***,a***@gmail.com,***-***-6425,1980-**-**,[MASKED ADDRESS],122140.44,suspended,2018-04-27
2134,L***,J***,l***@yahoo.com,***-***-6164,1982-**-**,[MASKED ADDRESS],247263.66,suspended,2016-12-07
2135,T***,M***,t***@yahoo.com,***-***-0850,1959-**-**,[MASKED ADDRESS],224055.29,inactive,2017-11-25
2136,J***,J***,j***@company.co.uk,***-***-2303,1948-**-**,[MASKED ADDRESS],104896.94,inactive,2024-04-14
2137,J***,T***,j***@gmail.com,***-***-5095,1987-**-**,[MASKED ADDRESS],100813.43,inactive,2019-10-04
2138,L***,S***,l***@x.com; l***@y.com,***-***-2004,1946-**-**,[MASKED ADDRESS],238583.82,suspended,2024-02-05
2139,J***,N***,j***@gmail.com,***-***-5074,1976-**-**,[MASKED ADDRESS],70096.87,suspended,2015-01-28
2140,J***,M***,j***@mail.company.co.uk,***-***-2608,1998-**-**,[MASKED ADDRESS],79725.29,active,2022-10-22
2141,P***,D***,p***@gmail.com,***-***-6647,1991-**-**,[MASKED ADDRESS],128101.14,inactive,2021-02-01
2142,D***,[MISSING],d***@yahoo.com,***-***-8763,1940-**-**,[MASKED ADDRESS],46626.81,inactive,2020-12-17
2143,O***,S***,o***,***-***-9982,1983-**-**,[MASKED ADDRESS],214370.66,suspended,2016-06-01
2144,M***,S***,m***@yahoo.com,***-***-8282,1949-**-**,[MASKED ADDRESS],166792.24,suspended,2015-03-21
2145,L***,B***,l***@yahoo.com,***-***-3903,1954-**-**,[MASKED ADDRESS],150149.62,inactive,2017-08-23
2146,L***,T***,l***@yahoo.com,***-***-4985,1981-**-**,[MASKED ADDRESS],191880.58,active,2024-09-19
2147,I***,M***,i***@gmail.com,***-***-7715,1977-**-**,,113453.30,active,2016-06-06
2148,N***,D***,n***@mail.company.co.uk,***-***-9823,1993-**-**,[MASKED ADDRESS],40552.30,inactive,2017-01-16
2149,P***,T***,p***@gmail.com,***-***-8547,1994-**-**,[MASKED ADDRESS],150174.01,suspended,2021-11-30
2150,J***,W***,j***@gmail.com,***-***-2679,1981-**-**,,62656.21,active,2022-11-20
2151,A***,H***,a***@outlook.com,***-***-8009,2006-**-**,[MASKED ADDRESS],73417.31,inactive,2023-02-13
2152,T***,J***,t***@yahoo.com,***-***-9413,1941-**-**,[MASKED ADDRESS],67271.54,active,2024-04-06
2153,G***,T***,g***@yahoo.com,***-***-5082,1956-**-**,[MASKED ADDRESS],182926.15,active,1990-01-01
2154,D***,D***,d***@company.co.uk,***-***-5312,1984-**-**,[MASKED ADDRESS],207187.62,inactive,2015-10-19
2155,S***,W***,s***@mail.company.co.uk,***-***-1234,1962-**-**,[MASKED ADDRESS],87864.19,active,2024-10-21
2156,J***,T***,j***@company.co.uk,***-***-8436,1951-**-**,[MASKED ADDRESS],111471.57,active,2024-10-14
-939,J***,v***,j***@company.co.uk,***-***-3547,1983-**-**,[MASKED ADDRESS],169264.25,active,2016-04-11
2159,N***,W***,n***@mail.company.co.uk,***-***-0576,1974-**-**,[MASKED ADDRESS],127604.34,inactive,2015-01-08
2160,S***,A***,s***@company.co.uk,***-***-0290,1960-**-**,[MASKED ADDRESS],222812.37,suspended,2021-05-22
2161,S***,d***,s***@gmail.com,***-***-9245,1987-**-**,[MASKED ADDRESS],130484.51,inactive,2019-11-01
2162,S***,W***,s***@gmail.com,***-***-7190,1953-**-**,[MASKED ADDRESS],125385.48,active,2019-03-31
2163,S***,M***,s***@outlook.com,***-***-0206,1952-**-**,[MASKED ADDRESS],20587.14,inactive,2015-05-09
2164,J***,v***,j***@company.co.uk,***-***-8526,1952-**-**,,201485.28,suspended,2022-07-12
2165,T***,d***,t***@gmail.com,***-***-1742,1990-**-**,[MASKED ADDRESS],160511.35,inactive,2021-10-16
2166,C***,T***,c***@yahoo.com,***-***-3677,1965-**-**,[MASKED ADDRESS],136884.42,inactive,2020-10-16
2167,M***,S***,m***@company.co.uk,***-***-1880,1959-**-**,[MASKED ADDRESS],145865.35,inactive,2016-07-29
2168,N***,A***,n***@yahoo.com,***-***-9098,1988-**-**,[MASKED ADDRESS],33050.21,active,2024-05-23
2169,N***,4***,n***@mail.company.co.uk,***-***-4072,,[MASKED ADDRESS],148447.31,active,2024-01-08
2170,C***,U***,c***@gmail.com,***-***-6704,2000-**-**,[MASKED ADDRESS],61530.97,active,2024-08-14
2171,S***,T***,s***@yahoo.com,***-***-7289,,[MASKED ADDRESS],201210.45,inactive,2018-04-27
2172,M***,S***,m***@outlook.com,***-***-5156,1953-**-**,[MASKED ADDRESS],65476.72,inactive,2021-12-07
2173,M***,d***,m***@gmail.com,***-***-4733,1996-**-**,[MASKED ADDRESS],115257.42,inactive,2021-03-15
2174,S***,U***,s***@gmail.com,***-***-6652,1966-**-**,[MASKED ADDRESS],82825.80,inactive,2020-11-04
2175,N***,v***,n***@outlook.com,***-***-4037,1949-**-**,[MASKED ADDRESS],239602.50,suspended,2021-06-09
2176,D***,J***,d***@gmail.com,***-***-6932,1943-**-**,[MASKED ADDRESS],243358.62,suspended,2018-02-18
2177,M***,v***,m***@outlook.com,***-***-9298,1983-**-**,[MASKED ADDRESS],192925.85,suspended,2021-07-18
2178,S***,U***,s***@company.co.uk,***-***-1700,1959-**-**,[MASKED ADDRESS],50775.58,suspended,2024-03-23
2179,C***,M***,c***@company.co.uk,***-***-7425,1963-**-**,[MASKED ADDRESS],158105.14,active,2019-02-05
2180,J***,T***,j***@gmail.com,***-***-6442,1992-**-**,[MASKED ADDRESS],154244.46,FALSE,2019-01-17
2181,G***,M***,g***@gmail.com,***-***-9555,1972-**-**,[MASKED ADDRESS],106516.08,active,2023-10-16
2182,J***,T***,j***@company.co.uk,***-***-4134,1995-**-**,[MASKED ADDRESS],188868.73,suspended,2020-12-14
2183,N***,d***,n***@company.co.uk,***-***-3572,1963-**-**,[MASKED ADDRESS],72577.83,inactive,2023-02-16
2184,D***,N***,d***@gmail.com,***-***-8622,1975-**-**,[MASKED ADDRESS],183679.24,active,2021-03-15
2185,T***,H***,t***@gmail.com,,1953-**-**,[MASKED ADDRESS],226429.33,suspended,2024-01-11
2186,N***,M***,n***@gmail.com,***-***-5128,1995-**-**,[MASKED ADDRESS],73353.45,suspended,2022-11-21
2187,S***,B***,s***@yahoo.com,***-***-0398,1986-**-**,[MASKED ADDRESS],170082.63,suspended,2022-11-01
2188,M***,d***,m***@gmail.com,***-***-4365,1961-**-**,[MASKED ADDRESS],20284.52,inactive,2015-10-24
2189,[MISSING],d***,u***@company.co.uk,***-***-9359,1972-**-**,[MASKED ADDRESS],74891.13,suspended,2015-09-21
2191,D***,N***,d***@yahoo.com,***-***-8547,1947-**-**,[MASKED ADDRESS],143020.61,active,2015-01-27
2192,J***,D***,j***@gmail.com,***-***-8029,1978-**-**,[MASKED ADDRESS],91900.89,suspended,2021-03-15
2193,J***,d***,j***@outlook.com,***-***-2833,,[MASKED ADDRESS],190268.22,active,2017-02-18
2194,D***,D***,d***@mail.company.co.uk,***-***-2319,1985-**-**,[MASKED ADDRESS],211494.86,suspended,2021-03-15
2195,[MISSING],T***,n***,,1989-**-**,[MASKED ADDRESS],110695.95,inactive,2016-11-27
2197,C***,O***,c***@company.co.uk,***-***-4440,2002-**-**,[MASKED ADDRESS],173945.11,active,2015-12-23
2198,E***,T***,e***@yahoo.com,***-***-9046,1976-**-**,[MASKED ADDRESS],241502.62,suspended,
2199,S***,H***,s***@gmail.com,***-***-9980,1959-**-**,[MASKED ADDRESS],188066.27,inactive,2019-12-28
2200,M***,W***,m***@yahoo.com,***-***-5428,1952-**-**,[MASKED ADDRESS],148946.97,inactive,2021-05-25
2201,S***,M***,s***@yahoo.com,***-***-6159,1986-**-**,[MASKED ADDRESS],223708.71,suspended,2022-09-14
2202,N***,B***,n***@company.co.uk,***-***-7643,1969-**-**,[MASKED ADDRESS],222253.12,active,2023-03-25
2203,O***,N***,o***@outlook.com,***-***-6486,1944-**-**,[MASKED ADDRESS],159636.98,suspended,2018-05-02
2204,D***,A***,d***@gmail.com,***-***-2791,1952-**-**,[MASKED ADDRESS],248475.89,inactive,2021-03-15
2205,M***,d***,m***@gmail.com,***-***-9376,1972-**-**,[MASKED ADDRESS],171508.39,active,2020-11-25
2206,A***,M***,a***@mail.company.co.uk,***-***-1603,1981-**-**,[MASKED ADDRESS],15614.30,active,2016-10-03
2207,M***,S***,m***@outlook.com,***-***-0708,1960-**-**,[MASKED ADDRESS],178173.60,active,2020-01-20
2208,J***,D***,j***@gmail.com,***-***-0546,2003-**-**,[MASKED ADDRESS],44752598.00,active,2018-06-20
2209,S***,M***,s***@yahoo.com,***-***-9782,1996-**-**,[MASKED ADDRESS],39291.47,active,2021-01-25
2210,D***,A***,d***@yahoo.com,***-***-6057,1970-**-**,[MASKED ADDRESS],132434.76,suspended,2022-07-16
2211,G***,M***,g***@gmail.com,***-***-0478,2002-**-**,[MASKED ADDRESS],114660.88,active,2022-09-09
2212,L***,T***,l***@company.co.uk,,2000-**-**,[MASKED ADDRESS],158726.33,suspended,2016-11-01
2213,M***,W***,m***@yahoo.com,***-***-1188,1954-**-**,,67717.86,active,2019-09-08
2214,D***,D***,d***@company.co.uk,***-***-9169,2005-**-**,[MASKED ADDRESS],177847.84,suspended,2015-04-16
2215,E***,v***,e***@outlook.com,***-***-8245,1952-**-**,,112984.65,active,2024-12-08
2216,D***,T***,d***@yahoo.com,***-***-9013,1962-**-**,[MASKED ADDRESS],79057.38,inactive,2024-09-23
2217,D***,N***,d***@yahoo.com,***-***-8559,1993-**-**,[MASKED ADDRESS],43089.00,inactive,2020-10-14
2218,N***,S***,n***@company.co.uk,***-***-9457,1997-**-**,[MASKED ADDRESS],76689.52,inactive,2019-03-09
2219,N***,W***,n***@outlook.com,***-***-0045,1950-**-**,[MASKED ADDRESS],24261.25,active,2015-08-13
2220,A***,H***,a***@company.co.uk,***-***-2484,1966-**-**,[MASKED ADDRESS],27041.79,active,2023-04-07
2221,J***,D***,j***@company.co.uk,***-***-3762,1995-**-**,[MASKED ADDRESS],161727.02,inactive,2022-07-25
2222,C***,d***,c***@company.co.uk,***-***-2736,1974-**-**,[MASKED ADDRESS],97067.15,inactive,2023-11-24
2223,M***,W***,m***@gmail.com,***-***-6479,2001-**-**,[MASKED ADDRESS],90254.20,active,2020-02-19
2224,S***,d***,s***@gmail.com,***-***-0571,1958-**-**,[MASKED ADDRESS],119389.05,active,2021-06-23
2225,P***,M***,p***@gmail.com,***-***-0929,1986-**-**,[MASKED ADDRESS],172053.33,suspended,2016-11-10
2226,M***,N***,m***@company.co.uk,***-***-4505,,[MASKED ADDRESS],96348.87,inactive,
2227,N***,v***,n***@mail.company.co.uk,***-***-1670,1952-**-**,[MASKED ADDRESS],,suspended,2020-02-10
2228,N***,M***,n***@gmail.com,***-***-3000,1988-**-**,[MASKED ADDRESS],218104.03,suspended,2020-10-24
2229,N***,M***,n***@gmail.com,***-***-1134,1940-**-**,[MASKED ADDRESS],241201.83,suspended,2022-06-10
2230,M***,U***,m***@gmail.com,***-***-8650,1966-**-**,[MASKED ADDRESS],111253.54,active,2022-11-12
AB-5134,J***,D***,j***@mail.company.co.uk,***-***-0575,1951-**-**,[MASKED ADDRESS],56421.31,suspended,2020-07-08
2232,D***,A***,d***@company.co.uk,***-***-1722,1946-**-**,[MASKED ADDRESS],202517.38,inactive,2022-10-25
2233,M***,U***,m***@outlook.com,***-***-8566,1954-**-**,[MASKED ADDRESS],137978.22,inactive,2018-07-18
2234,N***,d***,n***@mail.company.co.uk,***-***-7356,1969-**-**,[MASKED ADDRESS],141992.60,inactive,2021-03-15
2235,E***,W***,e***@mail.company.co.uk,***-***-7250,1983-**-**,[MASKED ADDRESS],188613.54,suspended,2015-01-26
2236,L***,T***,l***@gmail.com,***-***-3728,1963-**-**,[MASKED ADDRESS],239199.36,inactive,2023-01-02
2237,C***,N***,c***@yahoo.com,***-***-7574,1997-**-**,[MASKED ADDRESS],20321.62,inactive,2016-09-16
2238,T***,M***,t***@company.co.uk,***-***-1703,1990-**-**,[MASKED ADDRESS],166557.01,inactive,2024-10-18
2239,A***,T***,a***@outlook.com,***-***-3739,2003-**-**,[MASKED ADDRESS],124332.56,unknown,2019-09-30
2240,O***,T***,o***@mail.company.co.uk,***-***-0520,1942-**-**,[MASKED ADDRESS],26091.64,active,2015-04-29
2241,M***,U***,m***@outlook.com,***-***-5250,1989-**-**,[MASKED ADDRESS],63575.92,active,2021-03-15
2242,E***,D***,e***@company.co.uk,***-***-6030,1992-**-**,[MASKED ADDRESS],102150.59,inactive,2022-04-10
2243,D***,W***,d***@gmail.com,***-***-9161,1970-**-**,[MASKED ADDRESS],225141.72,suspended,2016-11-02
2244,D***,W***,d***@gmail.com,***-***-4839,1968-**-**,[MASKED ADDRESS],222201.36,active,2023-09-08
2245,J***,J***,j***@gmail.com,,1955-**-**,[MASKED ADDRESS],36209.73,active,2015-06-08
2246,E***,v***,e***@gmail.com,***-***-4143,1998-**-**,[MASKED ADDRESS],154670.71,active,2018-05-24
2247,G***,N***,g***@yahoo.com,***-***-7084,1981-**-**,[MASKED ADDRESS],42254.02,active,2021-12-11
AB-6002,D***,M***,d***@yahoo.com,***-***-9110,1987-**-**,[MASKED ADDRESS],42499.05,suspended,2021-08-14
2249,D***,O***,d***@gmail.com,***-***-7062,1996-**-**,[MASKED ADDRESS],168970.74,suspended,2016-04-16
2250,J***,T***,j***,***-***-4079,1963-**-**,[MASKED ADDRESS],106847.53,suspended,2018-11-21
2251,D***,M***,d***@yahoo.com,***-***-3208,1997-**-**,[MASKED ADDRESS],244490.13,active,2021-06-06
2252,D***,U***,d***@gmail,***-***-6596,1975-**-**,[MASKED ADDRESS],53718225.00,suspended,2023-10-06
2253,P***,O***,p***@yahoo.com,***-***-6655,1987-**-**,[MASKED ADDRESS],125008.27,active,2020-07-11
2254,C***,D***,c***@outlook.com,***-***-1844,1950-**-**,[MASKED ADDRESS],197897.09,inactive,2017-04-24
2255,N***,W***,n***@gmail.com,***-***-6737,1972-**-**,[MASKED ADDRESS],182252.14,active,2015-12-28
2256,S***,J***,s***@company.co.uk,***-***-5871,1940-**-**,[MASKED ADDRESS],142851.78,suspended,2019-04-03
2257,N***,B***,n***@gmail.com,***-***-8460,1975-**-**,[MASKED ADDRESS],243266.68,active,2020-08-13
2258,P***,M***,p***@gmail.com,***-***-4467,1968-**-**,[MASKED ADDRESS],248231.91,active,2019-08-22
2259,J***,M***,j***@mail.company.co.uk,***-***-1621,2005-**-**,[MASKED ADDRESS],169658.25,suspended,2022-08-13
2260,D***,d***,d***@outlook.com,***-***-3096,2002-**-**,[MASKED ADDRESS],78922.39,inactive,2015-05-19
2261,M***,B***,m***@outlook.com,***-***-6343,1969-**-**,[MASKED ADDRESS],,active,2023-04-30
2262,M***,D***,m***@outlook.com,***-***-3016,2000-**-**,[MASKED ADDRESS],187086.48,suspended,2022-08-31
2263,L***,[MISSING],l***@outlook.com,***-***-6636,2006-**-**,[MASKED ADDRESS],215499.02,suspended,2024-07-04
2264,S***,O***,s***@yahoo.com,***-***-5885,1999-**-**,[MASKED ADDRESS],91542.20,inactive,2020-04-18
2265,M***,W***,m***@mail.company.co.uk,***-***-9740,2004-**-**,[MASKED ADDRESS],234260.80,inactive,2015-12-01
2266,M***,v***,m***@yahoo.com,***-***-8019,2005-**-**,[MASKED ADDRESS],243064.75,suspended,2015-01-20
2267,S***,T***,s***@gmail.com,***-***-9091,1989-**-**,[MASKED ADDRESS],111138.40,active,2023-01-23
2268,D***,J***,d***@company.co.uk,***-***-2188,,[MASKED ADDRESS],246205.92,active,2023-09-17
2269,T***,H***,t***@yahoo.com,***-***-0575,1986-**-**,[MASKED ADDRESS],184796.04,inactive,2016-12-21
2270,J***,T***,j***@company.co.uk,***-***-5905,1948-**-**,[MASKED ADDRESS],127007.82,active,2018-09-29
2271,J***,M***,j***@yahoo.com,***-***-6372,1962-**-**,[MASKED ADDRESS],193350.08,inactive,2024-03-12
2272,N***,W***,n***@yahoo.com,***-***-7841,1951-**-**,[MASKED ADDRESS],20809.95,inactive,2024-11-12
2273,T***,W***,t***@yahoo.com,***-***-2448,1971-**-**,[MASKED ADDRESS],56527.76,suspended,2015-05-25
2275,D***,M***,d***@gmail.com,***-***-1655,2003-**-**,[MASKED ADDRESS],141983.13,suspended,2018-04-26
2276,A***,D***,a***@yahoo.com,***-***-7128,1968-**-**,[MASKED ADDRESS],139390.07,inactive,2016-06-27
2277,D***,J***,d***@mail.company.co.uk,***-***-8484,2000-**-**,[MASKED ADDRESS],193026.82,inactive,2023-12-13
2278,J***,S***,t***@yahoo.com,***-***-6607,1960-**-**,[MASKED ADDRESS],150596.42,active,2021-07-18
2279,J***,T***,j***@company.co.uk,***-***-5328,1975-**-**,[MASKED ADDRESS],156873.60,suspended,2017-04-03
2280,A***,H***,a***@yahoo.com,***-***-8037,1944-**-**,[MASKED ADDRESS],104339.81,suspended,2016-11-18
2281,L***,M***,l***@mail.company.co.uk,***-***-9245,1945-**-**,[MASKED ADDRESS],86055.47,inactive,2023-02-26
2282,D***,A***,d***@yahoo.com,***-***-5948,1965-**-**,[MASKED ADDRESS],112485.91,suspended,2019-02-07
2283,J***,M***,j***@company.co.uk,***-***-4917,1984-**-**,[MASKED ADDRESS],132775.76,suspended,2019-11-24
2284,N***,O***,n***@company.co.uk,***-***-8843,1979-**-**,[MASKED ADDRESS],160457.87,inactive,2018-08-17
2285,v***,M***,m***@gmail.com,***-***-4345,1966-**-**,[MASKED ADDRESS],249235.30,active,2019-05-12
2286,[MISSING],T***,u***@outlook.com,***-***-9624,1959-**-**,[MASKED ADDRESS],43793.53,active,2017-02-01
2287,J***,M***,j***@company.co.uk,***-***-6697,2003-**-**,[MASKED ADDRESS],137466.44,active,2024-06-23
2288,N***,[MISSING],n***@gmail.com,***-***-9603,1983-**-**,[MASKED ADDRESS],216058.28,inactive,2021-01-28
2289,J***,W***,j***@gmail.com,***-***-6122,1950-**-**,[MASKED ADDRESS],201814.04,unknown,2022-03-14
2290,O***,M***,o***@outlook.com,***-***-9833,1953-**-**,[MASKED ADDRESS],97958.38,active,2024-08-21
2291,J***,W***,j***@company.co.uk,***-***-5714,2004-**-**,[MASKED ADDRESS],225629.63,inactive,2023-04-22
2292,J***,v***,j***@gmail.com,***-***-1528,1950-**-**,[MASKED ADDRESS],217917.71,active,2021-11-22
2293,D***,T***,d***@company.co.uk,***-***-7031,1959-**-**,[MASKED ADDRESS],157245.75,active,2024-11-19
2294,S***,U***,s***@outlook.com,***-***-1459,1944-**-**,[MASKED ADDRESS],236234.81,active,2023-05-19
2295,J***,W***,j***@gmail.com,***-***-3868,1990-**-**,[MASKED ADDRESS],205715.43,suspended,2020-02-14
2296,O***,d***,o***@outlook.com,***-***-4225,1964-**-**,[MASKED ADDRESS],249251.03,inactive,2024-07-05
2297,N***,U***,n***@outlook.com,***-***-4680,1987-**-**,[MASKED ADDRESS],224182.20,active,2023-10-10
2298,O***,U***,o***@company.co.uk,***-***-6537,1957-**-**,[MASKED ADDRESS],154706.57,suspended,2022-04-18
2299,N***,M***,n***@outlook.com,***-***-8146,1958-**-**,[MASKED ADDRESS],95269.21,unknown,2023-05-11
2300,A***,W***,a***@gmail.com,***-***-5897,1960-**-**,[MASKED ADDRESS],18914.69,suspended,2022-06-12
2301,S***,[MISSING],s***@mail.company.co.uk,***-***-1785,1964-**-**,[MASKED ADDRESS],129087.22,suspended,2024-08-15
2302,L***,M***,l***@outlook.com,***-***-1880,1987-**-**,[MASKED ADDRESS],226782.31,suspended,2015-03-05
2303,M***,A***,m***@company.co.uk,***-***-7130,2000-**-**,[MASKED ADDRESS],96504.45,active,2018-05-15
2304,D***,M***,d***@outlook.com,***-***-5274,1950-**-**,[MASKED ADDRESS],100897.99,suspended,2020-04-16
2305,L***,H***,l***@gmail.com,***-***-8112,2003-**-**,[MASKED ADDRESS],126069.94,suspended,2017-05-31
2306,S***,B***,s***@yahoo.com,***-***-0564,1966-**-**,[MASKED ADDRESS],18577.94,inactive,2018-12-27
2307,O***,A***,o***@mail.company.co.uk,***-***-9751,1982-**-**,[MASKED ADDRESS],199590.39,active,2024-06-10
2308,J***,A***,j***@company.co.uk,***-***-5831,2004-**-**,[MASKED ADDRESS],249054.19,active,2021-06-03
2309,P***,H***,p***@yahoo.com,***-***-0737,1958-**-**,[MASKED ADDRESS],145835.74,unknown,2017-04-26
2310,M***,U***,m***@company.co.uk,***-***-0104,1959-**-**,,242240.10,suspended,2024-08-02
2311,S***,M***,s***@yahoo.com,***-***-8248,1988-**-**,[MASKED ADDRESS],65641.03,active,2023-02-04
2312,T***,J***,t***@company.co.uk,***-***-5772,1948-**-**,[MASKED ADDRESS],80122.56,suspended,2020-11-03
2313,T***,D***,t***@gmail.com,***-***-7662,1947-**-**,[MASKED ADDRESS],139321.39,inactive,2021-07-01
2314,N***,J***,n***@gmail.com,***-***-3233,1958-**-**,[MASKED ADDRESS],108941.04,inactive,2019-02-08
2315,N***,W***,n***@company.co.uk,***-***-9581,1989-**-**,[MASKED ADDRESS],60117.32,active,2020-06-30
2316,J***,T***,j***@gmail.com,***-***-3257,1962-**-**,[MASKED ADDRESS],15595.91,inactive,2019-04-24
2317,P***,d***,p***@gmail.com,***-***-8688,1942-**-**,[MASKED ADDRESS],244784.95,inactive,2023-12-25
2318,E***,M***,e***@company.co.uk,***-***-4373,1995-**-**,[MASKED ADDRESS],51884.61,unknown,2022-08-22
2319,S***,D***,s***@yahoo.com,***-***-9604,1970-**-**,[MASKED ADDRESS],95610.26,active,2020-08-13
2320,M***,W***,m***@company.co.uk,***-***-2756,1953-**-**,[MASKED ADDRESS],136787.01,inactive,2017-11-28
2321,L***,J***,l***@yahoo.com,***-***-5238,2004-**-**,[MASKED ADDRESS],167151.57,inactive,2023-05-22
2322,G***,T***,****@gmail.com.grace.taylor,***-***-9076,1942-**-**,[MASKED ADDRESS],140414.32,suspended,2021-03-15
2.323E+00,O***,N***,o***@gmail.com,***-***-0907,1964-**-**,[MASKED ADDRESS],21888.81,suspended,2019-07-28
2324,N***,v***,n***@mail.company.co.uk,***-***-6996,1975-**-**,[MASKED ADDRESS],61193.01,suspended,2016-04-01
2325,J***,v***,j***@gmail.com,***-***-8015,1983-**-**,[MASKED ADDRESS],222070.77,suspended,2020-10-24
2326,J***,T***,j***@gmail.com,***-***-7750,1958-**-**,[MASKED ADDRESS],21813.43,suspended,2019-11-08
2327,M***,O***,m***@yahoo.com,***-***-6539,1959-**-**,[MASKED ADDRESS],153238.68,suspended,2023-04-05
2328,G***,N***,g***@gmail.com,***-***-0735,1976-**-**,[MASKED ADDRESS],23415.97,active,2022-08-20
2329,P***,W***,p***@outlook.com,***-***-5383,2001-**-**,[MASKED ADDRESS],17324.36,inactive,2024-03-09
2330,N***,T***,n***@company.co.uk,***-***-8234,1963-**-**,[MASKED ADDRESS],-13181.00,unknown,2021-03-15
2331,O***,B***,o***@gmail.com,***-***-6589,1985-**-**,[MASKED ADDRESS],242727.48,active,2022-03-17
2332,P***,J***,p***@mail.company.co.uk,***-***-2391,1996-**-**,,45085.37,suspended,2015-06-09
2333,N***,D***,n***@gmail.com,***-***-3891,1945-**-**,[MASKED ADDRESS],99345.16,inactive,2024-12-03
2334,D***,T***,d***@gmail.com,***-***-2569,2000-**-**,[MASKED ADDRESS],218997.25,inactive,2019-01-24
2335,T***,N***,t***@outlook.com,***-***-8409,1977-**-**,[MASKED ADDRESS],173673.68,suspended,2020-09-30
2336,S***,T***,s***@yahoo.com,,1979-**-**,[MASKED ADDRESS],196793.65,inactive,2015-11-15
2337,D***,D***,d***@company.co.uk,***-***-8137,1964-**-**,[MASKED ADDRESS],135863.88,inactive,2024-02-09
2338,J***,S***,j***@gmail.com,***-***-8968,1991-**-**,[MASKED ADDRESS],46154.38,inactive,2022-05-23
2339,C***,M***,c***,***-***-7319,2005-**-**,[MASKED ADDRESS],130342.48,inactive,2024-01-12
2340,S***,W***,s***@gmail.com,***-***-5511,1965-**-**,[MASKED ADDRESS],146187.24,active,2023-11-28
2341,T***,J***,t***@outlook.com,***-***-9511,1985-**-**,[MASKED ADDRESS],92462.81,inactive,2016-01-18
2342,M***,U***,m***@gmail.com,***-***-0958,1986-**-**,[MASKED ADDRESS],200662.99,suspended,2016-03-18
2343,J***,A***,j***@yahoo.com,***-***-3557,1978-**-**,[MASKED ADDRESS],70507.97,inactive,2022-05-06
2344,N***,N***,n***@company.co.uk,***-***-6753,1978-**-**,[MASKED ADDRESS],36785.68,suspended,2019-11-17
2345,T***,S***,t***@yahoo.com,***-***-8108,1978-**-**,[MASKED ADDRESS],208825.37,suspended,2018-06-28
2346,M***,T***,m***@outlook.com,***-***-7162,1998-**-**,[MASKED ADDRESS],214019.28,inactive,2021-08-10
2347,M***,B***,m***@yahoo.com,***-***-2234,1990-**-**,[MASKED ADDRESS],146129.33,inactive,2015-09-21
2348,A***,N***,a***@yahoo.com,***-***-5401,1974-**-**,[MASKED ADDRESS],245511.00,inactive,2021-04-19
2349,S***,D***,s***@company.co.uk,***-***-4185,1963-**-**,[MASKED ADDRESS],75009.61,active,2023-12-20
2350,M***,N***,m***@gmail.com,***-***-4088,1996-**-**,[MASKED ADDRESS],38801.20,suspended,2021-02-03
2351,D***,M***,d***@gmail.com,***-***-3355,1983-**-**,[MASKED ADDRESS],109519.76,suspended,2021-11-26
2352,J***,D***,j***@outlook.com,***-***-4841,1976-**-**,[MASKED ADDRESS],57344.73,inactive,2021-03-15
2353,M***,J***,m***@company.co.uk,***-***-6001,1943-**-**,[MASKED ADDRESS],82562.67,active,2016-03-27
2354,D***,S***,d***@gmail.com,***-***-5757,1943-**-**,[MASKED ADDRESS],20210.10,inactive,2018-09-20
2355,D***,M***,d***@gmail.com,,1971-**-**,[MASKED ADDRESS],239879.14,active,2020-11-10
2356,O***,M***,o***@yahoo.com,,1964-**-**,[MASKED ADDRESS],207159.38,suspended,2016-08-18
2357,G***,X***,g***@outlook.com,***-***-1808,1952-**-**,[MASKED ADDRESS],22702.63,active,2017-02-18
2358,G***,H***,g***@outlook.com,***-***-4958,2002-**-**,[MASKED ADDRESS],-4142.00,unknown,2018-01-09
2359,E***,d***,e***@gmail.com,***-***-9263,1948-**-**,[MASKED ADDRESS],-17173.00,suspended,2022-09-24
2360,M***,J***,m***@gmail.com,***-***-8981,2004-**-**,[MASKED ADDRESS],156507.17,suspended,2021-03-15
2361,D***,J***,d***@outlook.com,***-***-0351,1974-**-**,[MASKED ADDRESS],221973.01,active,2023-02-02
2362,E***,D***,e***@company.co.uk,***-***-9193,1941-**-**,[MASKED ADDRESS],153548.31,active,2015-10-03
2363,D***,M***,d***@gmail.com,***-***-8583,1984-**-**,[MASKED ADDRESS],105638.84,active,2018-10-07
2364,O***,A***,o***@company.co.uk,***-***-5931,1990-**-**,[MASKED ADDRESS],243169.58,active,2023-03-07
2365,L***,N***,l***@outlook.com,***-***-1734,1963-**-**,[MASKED ADDRESS],45718.66,suspended,2020-09-18
2366,J***,M***,j***@outlook.com,***-***-8798,1974-**-**,[MASKED ADDRESS],212953.05,active,2017-11-07
2367,D***,M***,d***@mail.company.co.uk,***-***-3454,1985-**-**,[MASKED ADDRESS],139636.81,suspended,2020-05-09
2368,C***,M***,c***@outlook.com,***-***-7865,1950-**-**,[MASKED ADDRESS],69228.19,active,2017-06-24
2369,M***,S***,m***@outlook.com,***-***-0908,1983-**-**,[MASKED ADDRESS],44501.70,inactive,2017-04-25
2370,M***,T***,.***@x.com,***-***-0821,,[MASKED ADDRESS],158775.66,suspended,2021-01-03
2371,L***,N***,l***@company.co.uk,***-***-9489,1964-**-**,[MASKED ADDRESS],129394.38,inactive,2017-03-01
2372,D***,S***,d***@gmail.com,***-***-6810,1995-**-**,[MASKED ADDRESS],87071.27,suspended,2016-01-01
2373,D***,J***,d***@company.co.uk,***-***-6297,1969-**-**,[MASKED ADDRESS],240955.58,inactive,2023-11-23
2374,E***,M***,,***-***-7287,1966-**-**,[MASKED ADDRESS],210802.05,suspended,2022-06-04
2375,G***,N***,g***@company.co.uk,***-***-1775,1970-**-**,,53882.60,inactive,2015-10-03
2376,T***,W***,t***@outlook.com,***-***-3228,1972-**-**,[MASKED ADDRESS],30824.20,suspended,2018-08-01
2377,O***,J***,o***@gmail.com,***-***-4981,1955-**-**,[MASKED ADDRESS],228964.78,active,
2378,M***,U***,m***@gmail.com,***-***-5266,1950-**-**,[MASKED ADDRESS],160530.76,inactive,2019-11-21
2379,M***,J***,m***@yahoo.com,***-***-4051,1981-**-**,[MASKED ADDRESS],150527.82,inactive,2016-09-04
2380,J***,B***,j***@yahoo.com,***-***-8742,1961-**-**,[MASKED ADDRESS],221033.75,inactive,2019-05-29
2382,T***,M***,t***@company.co.uk,***-***-0650,1970-**-**,[MASKED ADDRESS],222380.39,banned,2023-01-06
2383,D***,D***,d***@outlook.com,***-***-1060,1999-**-**,[MASKED ADDRESS],239073.08,active,2018-07-30
2384,S***,M***,s***@mail.company.co.uk,***-***-2726,1981-**-**,[MASKED ADDRESS],79436.35,active,2020-02-14
2385,M***,J***,m***@gmail.com,***-***-9718,1947-**-**,[MASKED ADDRESS],16606.59,unknown,
2386,A***,v***,a***@company.co.uk,***-***-6191,2003-**-**,[MASKED ADDRESS],229308.89,suspended,2017-11-19
2387,P***,M***,p***@outlook.com,***-***-0566,1994-**-**,[MASKED ADDRESS],231368.96,inactive,2018-06-18
2388,T***,J***,,***-***-0498,1984-**-**,[MASKED ADDRESS],129413.14,inactive,2015-06-11
2389,E***,O***,e***@company.co.uk,***-***-9342,1971-**-**,[MASKED ADDRESS],52889.38,suspended,2023-06-30
2390,D***,A***,d***@mail.company.co.uk,***-***-8766,1954-**-**,[MASKED ADDRESS],173233.00,suspended,
2391,S***,J***,s***@yahoo.com,***-***-0388,1980-**-**,[MASKED ADDRESS],140245.33,suspended,2023-07-08
2392,M***,S***,m***@gmail.com,***-***-8119,2004-**-**,[MASKED ADDRESS],219635.32,inactive,2015-01-08
2393,S***,M***,s***@company.co.uk,***-***-7739,1953-**-**,[MASKED ADDRESS],169380.10,active,2023-12-24
2394,N***,O***,n***@company.co.uk,***-***-7175,1945-**-**,[MASKED ADDRESS],34745.78,active,2022-03-19
AB-5143,P***,M***,p***@mail.company.co.uk,***-***-7475,1960-**-**,[MASKED ADDRESS],198032.00,active,2022-02-08
2396,J***,N***,j***@gmail.com,***-***-5329,1975-**-**,[MASKED ADDRESS],70351.49,active,2021-03-15
2397,G***,H***,,***-***-1223,1957-**-**,[MASKED ADDRESS],167487.01,active,2017-12-29
2398,J***,N***,j***@company.co.uk,***-***-8611,1992-**-**,[MASKED ADDRESS],122049.99,unknown,2015-03-30
3832,J***,W***,j***@outlook.com,***-***-6013,1988-**-**,[MASKED ADDRESS],111080.89,inactive,2018-01-24
2400,A***,M***,a***@company.co.uk,***-***-0256,1985-**-**,[MASKED ADDRESS],177840.46,active,2015-04-30
2401,N***,N***,n***@company.co.uk,***-***-0980,1997-**-**,[MASKED ADDRESS],221412.35,suspended,2017-12-05
2402,A***,A***,a***@yahoo.com,***-***-4725,1962-**-**,[MASKED ADDRESS],44304.13,suspended,2024-02-28
2403,N***,W***,n***@gmail.com,***-***-0464,2001-**-**,[MASKED ADDRESS],63293.64,inactive,2022-02-22
2404,J***,S***,j***@yahoo.com,***-***-3340,1942-**-**,[MASKED ADDRESS],166981.31,inactive,2017-09-27
2405,D***,D***,d***@gmail.com,***-***-5122,1995-**-**,[MASKED ADDRESS],79674.86,inactive,2023-07-24
2406,N***,U***,n***@outlook.com,***-***-9511,1998-**-**,[MASKED ADDRESS],154393.04,suspended,2017-04-24
2407,D***,M***,d***,***-***-8144,1985-**-**,[MASKED ADDRESS],99160.21,suspended,2020-06-24
2408,P***,T***,p***@outlook.com,,1987-**-**,[MASKED ADDRESS],172824.98,inactive,2020-07-28
2409,N***,A***,n***@gmail.com,***-***-4164,1972-**-**,[MASKED ADDRESS],29204.94,suspended,2024-02-18
2410,P***,D***,p***@yahoo.com,***-***-7813,1951-**-**,[MASKED ADDRESS],191137.05,suspended,2022-07-23
2411,M***,T***,m***@outlook.com,***-***-1487,1984-**-**,[MASKED ADDRESS],190887.32,suspended,2020-02-13
2412,E***,W***,e***@outlook.com,***-***-2354,1949-**-**,[MASKED ADDRESS],241772.85,suspended,2020-05-02
2413,P***,T***,p***@company.co.uk,***-***-1323,1973-**-**,[MASKED ADDRESS],204094.39,suspended,2020-05-07
2414,D***,J***,d***@yahoo.com,***-***-7889,1956-**-**,[MASKED ADDRESS],165106.52,active,2016-06-29
2415,D***,v***,d***@outlook.com,,1954-**-**,[MASKED ADDRESS],104924.56,inactive,2020-07-27
2416,J***,S***,,***-***-1073,,[MASKED ADDRESS],214747.89,active,2021-11-12
2417,P***,A***,p***@yahoo.com,***-***-6113,2002-**-**,[MASKED ADDRESS],21467.01,inactive,2016-10-03
2418,M***,T***,m***@outlook.com,***-***-2152,1946-**-**,[MASKED ADDRESS],160947.94,unknown,2021-03-06
2419,T***,d***,t***@outlook.com,***-***-1994,1942-**-**,[MASKED ADDRESS],128879.65,suspended,2015-01-21
2420,S***,J***,s***@company.co.uk,***-***-6755,2000-**-**,[MASKED ADDRESS],44337.39,active,2022-04-21
2421,C***,T***,c***@gmail.com,***-***-3168,1994-**-**,[MASKED ADDRESS],103749.94,active,2022-08-12
2422,T***,J***,t***@mail.company.co.uk,***-***-6476,1979-**-**,[MASKED ADDRESS],70495.27,suspended,2018-07-22
2423,M***,T***,m***@gmail.com,***-***-9791,1953-**-**,[MASKED ADDRESS],83790.47,suspended,2018-11-12
2424,L***,v***,l***@yahoo.com,***-***-3613,2005-**-**,[MASKED ADDRESS],128685.31,active,
2425,L***,v***,l***@outlook.com,***-***-2975,1974-**-**,[MASKED ADDRESS],168540.41,1,2015-10-27
2426,D***,W***,d***@company.co.uk,***-***-9864,1979-**-**,[MASKED ADDRESS],132199.12,active,2023-10-30
2427,J***,T***,j***@mail.company.co.uk,***-***-6349,1947-**-**,[MASKED ADDRESS],224628.25,inactive,2023-04-16
2428,M***,B***,m***@company.co.uk,***-***-8012,1960-**-**,[MASKED ADDRESS],176221.61,suspended,2017-04-19
2429,M***,N***,m***@yahoo.com,,1951-**-**,[MASKED ADDRESS],198433.06,inactive,2024-04-22
2430,L***,U***,l***@company.co.uk,***-***-1384,1976-**-**,[MASKED ADDRESS],207520.86,inactive,2024-02-27
2431,N***,M***,n***@outlook.com,***-***-5603,1952-**-**,[MASKED ADDRESS],29575.42,suspended,2020-12-07
2432,J***,D***,j***@yahoo.com,***-***-9076,1943-**-**,[MASKED ADDRESS],116471.72,active,2023-12-23
2433,T***,J***,t***@gmail.com,***-***-1457,1957-**-**,[MASKED ADDRESS],203228.27,suspended,2020-08-17
2434,J***,D***,j***@company.co.uk,***-***-3159,1981-**-**,[MASKED ADDRESS],221728.30,suspended,2021-03-15
2435,N***,d***,n***@gmail.com,***-***-9423,2006-**-**,[MASKED ADDRESS],175391.43,suspended,2021-03-15
2436,T***,H***,t***@company.co.uk,***-***-3210,2001-**-**,[MASKED ADDRESS],129032.90,active,2021-05-01
2437,J***,S***,j***@gmail.com,***-***-0952,1995-**-**,[MASKED ADDRESS],38701.92,inactive,2021-06-01
2438,E***,T***,e***@gmail.com,***-***-6685,1961-**-**,[MASKED ADDRESS],45133.28,suspended,
2439,C***,d***,c***@gmail.com,***-***-2312,1987-**-**,[MASKED ADDRESS],190223.00,active,2020-10-12
0,M***,D***,,***-***-0394,1941-**-**,[MASKED ADDRESS],235595.13,inactive,2022-03-19
2441,C***,U***,c***@outlook.com,***-***-5250,1949-**-**,[MASKED ADDRESS],175585.20,suspended,2016-06-06
2442,J***,W***,j***@gmail.com,***-***-3646,1991-**-**,[MASKED ADDRESS],126191.25,suspended,2016-06-23
2443,J***,B***,j***@company.co.uk,***-***-5941,1999-**-**,[MASKED ADDRESS],173235.02,active,2022-12-02
2445,L***,N***,l***@gmail.com,***-***-8935,1983-**-**,[MASKED ADDRESS],18352.21,active,2017-05-17
2446,M***,H***,m***@gmail.com,***-***-6056,1950-**-**,[MASKED ADDRESS],203804.96,active,2018-03-21
2447,T***,N***,t***@gmail.com,***-***-3288,1981-**-**,[MASKED ADDRESS],200087.88,inactive,2022-07-26
2448,M***,v***,m***@gmail.com,***-***-3746,1980-**-**,[MASKED ADDRESS],,active,2016-06-07
2449,C***,v***,c***@yahoo.com,***-***-7940,1944-**-**,[MASKED ADDRESS],213869.69,active,2020-06-16
2450,D***,d***,d***@yahoo.com,***-***-9930,1994-**-**,[MASKED ADDRESS],21010.64,suspended,2021-08-20
2451,J***,D***,j***@outlook.com,***-***-0393,1979-**-**,[MASKED ADDRESS],87522.80,inactive,
2452,D***,N***,d***@mail.company.co.uk,***-***-5357,1956-**-**,[MASKED ADDRESS],191433.58,active,2023-03-28
2453,D***,H***,d***@yahoo.com,***-***-4431,1957-**-**,[MASKED ADDRESS],39758.46,inactive,2023-05-04
2454,N***,U***,n***@company.co.uk,***-***-8548,1995-**-**,[MASKED ADDRESS],234758.13,suspended,2019-01-15
2455,O***,H***,o***@outlook.com,***-***-3733,1961-**-**,[MASKED ADDRESS],77945.97,active,2022-03-28
2456,J***,d***,j***@gmail.com,***-***-2584,1942-**-**,[MASKED ADDRESS],71508.16,active,2017-03-09
2457,D***,W***,d***@gmail.com,***-***-2751,1956-**-**,[MASKED ADDRESS],,active,2023-09-03
2459,A***,B***,a***@gmail.com,,1952-**-**,[MASKED ADDRESS],247946.97,active,2021-02-11
2460,D***,B***,d***@gmail.com,***-***-0409,1993-**-**,[MASKED ADDRESS],175561.65,active,2019-04-24
2461,J***,W***,j***@company.co.uk,***-***-2713,2006-**-**,[MASKED ADDRESS],119794.52,inactive,2020-04-02
2463,[MISSING],d***,u***@gmail.com,***-***-5281,1940-**-**,[MASKED ADDRESS],119946.53,inactive,2019-11-22
2464,J***,M***,j***@company.co.uk,***-***-0660,1985-**-**,[MASKED ADDRESS],121822.17,inactive,2023-02-17
2465,J***,O***,j***@outlook.com,***-***-1035,1820-**-**,[MASKED ADDRESS],21925.50,inactive,2015-09-28
2466,P***,M***,p***@company.co.uk,***-***-8859,1979-**-**,[MASKED ADDRESS],239501.75,active,2022-05-28
2467,A***,W***,a***@gmail.com,***-***-4495,1970-**-**,[MASKED ADDRESS],94507.08,inactive,2016-01-30
2468,S***,A***,s***@gmail.com,***-***-0657,1953-**-**,[MASKED ADDRESS],86753.42,active,2022-05-15
2469,D***,J***,d***@yahoo.com,***-***-9103,1961-**-**,[MASKED ADDRESS],220955.77,suspended,2022-11-09
2470,J***,T***,j***@company.co.uk,***-***-9935,1967-**-**,[MASKED ADDRESS],145950.64,inactive,2021-03-15
2471,M***,O***,m***@yahoo.com,***-***-4078,1960-**-**,[MASKED ADDRESS],111587.68,inactive,2021-03-15
2472,M***,W***,m***@outlook.com,***-***-6572,1987-**-**,[MASKED ADDRESS],77590.96,suspended,2024-11-29
2473,P***,D***,p***@outlook.com,***-***-4800,1969-**-**,[MASKED ADDRESS],57213.48,inactive,2020-09-02
2474,E***,B***,e***@company.co.uk,***-***-6347,1992-**-**,[MASKED ADDRESS],65385.80,suspended,2020-07-23
2475,S***,S***,s***@gmail.com,***-***-8667,1964-**-**,[MASKED ADDRESS],146060.70,suspended,2015-11-09
2476,N***,M***,n***@mail.company.co.uk,***-***-0777,1997-**-**,[MASKED ADDRESS],106475.27,inactive,2021-09-02
2477,L***,d***,l***@gmail.com,***-***-0605,1940-**-**,[MASKED ADDRESS],226592.10,active,2021-03-15
2478,J***,M***,j***@company.co.uk,***-***-2189,1955-**-**,[MASKED ADDRESS],48137.33,inactive,2021-03-15
2479,L***,T***,l***@gmail.com,***-***-4418,,[MASKED ADDRESS],30916.48,suspended,2020-10-26
2480,O***,d***,o***@company.co.uk,***-***-8024,1994-**-**,[MASKED ADDRESS],125268.79,suspended,2024-04-30
2481,J***,B***,j***@gmail.com,***-***-3766,1961-**-**,[MASKED ADDRESS],111306.49,inactive,2015-03-03
2482,S***,D***,s***@company.co.uk,***-***-2808,1947-**-**,[MASKED ADDRESS],169019.06,inactive,2018-11-15
2483,S***,d***,s***@outlook.com,***-***-4528,1982-**-**,[MASKED ADDRESS],231469.80,inactive,2017-07-04
2484,N***,J***,n***@outlook.com,***-***-9024,1998-**-**,[MASKED ADDRESS],215243.53,suspended,1994-02-08
2485,T***,M***,t***@company.co.uk,***-***-0864,1960-**-**,[MASKED ADDRESS],193507.91,suspended,2021-03-15
2486,C***,T***,c***@outlook.com,***-***-9965,1973-**-**,[MASKED ADDRESS],117080.75,inactive,2018-12-21
2487,G***,H***,g***@company.co.uk,***-***-2358,1998-**-**,[MASKED ADDRESS],182296.12,inactive,2024-12-01
2488,G***,M***,g***@outlook.com,***-***-4937,1998-**-**,[MASKED ADDRESS],61815.88,suspended,2023-03-14
2489,J***,H***,j***@company.co.uk,***-***-7598,1977-**-**,[MASKED ADDRESS],223121.93,suspended,2018-09-17
2490,D***,B***,d***@company.co.uk,***-***-6086,1944-**-**,[MASKED ADDRESS],174498.02,inactive,2020-10-31
2491,J***,D***,j***,***-***-6316,2004-**-**,[MASKED ADDRESS],40230.17,inactive,2021-04-22
2492,P***,D***,p***@company.co.uk,***-***-4618,1990-**-**,[MASKED ADDRESS],189023.84,inactive,2017-04-24
2493,E***,M***,e***@gmail.com,***-***-4917,1972-**-**,[MASKED ADDRESS],88688.32,suspended,2018-05-07
2495,L***,d***,l***@company.co.uk,***-***-0728,1985-**-**,[MASKED ADDRESS],164282.75,suspended,2021-03-15
2497,M***,W***,m***@mail.company.co.uk,***-***-8324,1972-**-**,[MASKED ADDRESS],217006.98,suspended,2015-06-26
2498,G***,H***,g***@outlook.com,***-***-1909,1946-**-**,[MASKED ADDRESS],227980.32,suspended,2019-06-06
2499,D***,D***,d***@gmail.com,***-***-6354,1989-**-**,[MASKED ADDRESS],28736.96,suspended,2022-12-12
2500,E***,J***,e***@company.co.uk,***-***-1974,1965-**-**,[MASKED ADDRESS],36262.05,inactive,2022-08-26
2501,S***,M***,,,1971-**-**,[MASKED ADDRESS],82992.85,suspended,
2502,J***,M***,j***@gmail.com,***-***-8581,1979-**-**,[MASKED ADDRESS],95262.05,active,2022-09-29
2504,D***,d***,d***@gmail.com,***-***-5347,1965-**-**,[MASKED ADDRESS],171044.94,active,2020-07-02
2505,D***,B***,d***@outlook.com,***-***-7343,1969-**-**,[MASKED ADDRESS],101751.10,suspended,2023-11-09
2506,N***,A***,n***@gmail.com,***-***-9820,1961-**-**,[MASKED ADDRESS],118803.56,suspended,2019-06-27
2507,S***,J***,s***@mail.company.co.uk,***-***-6336,1990-**-**,[MASKED ADDRESS],151394.28,suspended,2024-02-18
2508,L***,H***,l***@mail.company.co.uk,***-***-7158,,[MASKED ADDRESS],119245.99,active,2022-04-21
2509,S***,v***,s***@mail.company.co.uk,***-***-4665,1997-**-**,[MASKED ADDRESS],111294.21,inactive,2019-12-01
2510,J***,M***,j***@mail.company.co.uk,***-***-9467,1975-**-**,[MASKED ADDRESS],119292.59,inactive,2019-03-18
2511,L***,v***,,***-***-5340,1965-**-**,[MASKED ADDRESS],207394.66,active,2017-10-26
2512,[MISSING],T***,t***@company.co.uk,***-***-0820,1986-**-**,[MASKED ADDRESS],37212.10,active,2024-11-22
2513,J***,J***,j***@gmail.com,***-***-4814,1968-**-**,[MASKED ADDRESS],172807.82,active,2020-10-27
2514,N***,M***,n***@outlook.com,***-***-9379,1991-**-**,[MASKED ADDRESS],237384.13,active,2016-08-10
2515,S***,O***,s***@yahoo.com,***-***-1418,1992-**-**,[MASKED ADDRESS],54022.25,active,2018-07-08
2516,M***,D***,m***@company.co.uk,***-***-7048,1954-**-**,[MASKED ADDRESS],87789.45,suspended,2021-03-15
-202,A***,W***,a***@yahoo.com,***-***-3350,2001-**-**,[MASKED ADDRESS],221202.52,inactive,2021-04-09
2518,G***,B***,g***@company.co.uk,***-***-7357,1980-**-**,[MASKED ADDRESS],51680.09,inactive,2019-11-29
2519,O***,M***,o***@yahoo.com,***-***-8008,1949-**-**,[MASKED ADDRESS],95276.86,active,2019-07-17
2520,J***,J***,j***@outlook.com,***-***-2911,2004-**-**,[MASKED ADDRESS],237813.06,active,2024-02-26
2521,S***,T***,s***@yahoo.com,***-***-5641,1981-**-**,[MASKED ADDRESS],191462.98,unknown,2021-03-15
2522,M***,M***,m***@gmail.com,***-***-8341,1944-**-**,[MASKED ADDRESS],197695.03,active,2024-12-06
2523,C***,T***,c***@outlook.com,***-***-2186,1988-**-**,[MASKED ADDRESS],49155.81,active,2023-05-20
2524,M***,U***,m***@outlook.com,***-***-2946,1959-**-**,[MASKED ADDRESS],192994.74,suspended,2020-11-26
2525,J***,[MISSING],d***@outlook.com,***-***-3652,,[MASKED ADDRESS],187100.97,inactive,2019-02-16
2526,O***,O***,o***@yahoo.com,***-***-0838,1971-**-**,[MASKED ADDRESS],91700.12,unknown,2021-07-01
2527,N***,B***,n***@company.co.uk,***-***-2420,1972-**-**,[MASKED ADDRESS],240697.67,inactive,2022-09-07
2528,N***,S***,n***@company.co.uk,***-***-4742,1999-**-**,[MASKED ADDRESS],83975.65,suspended,2016-09-15
2529,[MISSING],U***,n***@outlook.com,***-***-4608,1996-**-**,[MASKED ADDRESS],236554.48,suspended,2019-08-15
2530,E***,D***,e***@outlook.com,***-***-0043,1969-**-**,[MASKED ADDRESS],211820.66,suspended,2019-10-15
2531,T***,J***,t***@gmail.com,***-***-1702,1994-**-**,[MASKED ADDRESS],80202.23,inactive,2020-07-06
2532,J***,M***,j***@gmail.com,***-***-2911,1964-**-**,[MASKED ADDRESS],18286.67,active,2021-03-15
2533,O***,S***,o***@mail.company.co.uk,***-***-0498,1978-**-**,[MASKED ADDRESS],43683.82,inactive,2023-07-12
2534,M***,O***,m***@yahoo.com,***-***-8992,1998-**-**,[MASKED ADDRESS],143672.66,active,2019-10-28
2535,C***,M***,c***@yahoo.com,***-***-3795,1966-**-**,[MASKED ADDRESS],73891.58,active,2017-09-08
2536,A***,M***,a***@outlook.com,***-***-4358,2005-**-**,[MASKED ADDRESS],165532.94,inactive,2022-05-08
2537,D***,T***,d***@gmail.com,***-***-8374,1999-**-**,[MASKED ADDRESS],124656.75,active,2020-06-02
2538,M***,v***,m***@gmail.com,,1975-**-**,[MASKED ADDRESS],127532.77,suspended,2019-03-25
2539,G***,J***,g***@company.co.uk,***-***-9147,1940-**-**,[MASKED ADDRESS],174419.47,unknown,2021-07-07
2540,N***,T***,n***@yahoo.com,***-***-9185,1990-**-**,[MASKED ADDRESS],123084.31,suspended,2017-10-14
2541,P***,N***,p***@gmail.com,***-***-5863,1972-**-**,[MASKED ADDRESS],211620.38,inactive,2015-05-04
2542,O***,A***,o***@company.co.uk,,2010-**-**,[MASKED ADDRESS],94052.12,inactive,2019-04-26
AB-7577,D***,T***,d***@mail.company.co.uk,***-***-0330,1949-**-**,[MASKED ADDRESS],22448.80,active,2022-09-05
2544,L***,W***,l***@gmail.com,***-***-2966,1962-**-**,[MASKED ADDRESS],145643.95,inactive,2016-03-28
2545,J***,O***,j***@gmail.com,***-***-1927,1984-**-**,[MASKED ADDRESS],161762.34,suspended,2016-02-14
2546,N***,J***,n***@gmail.com,***-***-7466,1958-**-**,[MASKED ADDRESS],43965.49,inactive,2022-12-18
2547,A***,[MISSING],a***@company.co.uk,***-***-3906,1951-**-**,[MASKED ADDRESS],152313.39,active,2021-04-20
2548,A***,W***,a***@company.co.uk,***-***-2444,1973-**-**,[MASKED ADDRESS],221104.56,inactive,2019-02-09
2549,N***,M***,n***@mail.company.co.uk,***-***-3072,2006-**-**,[MASKED ADDRESS],146187.64,unknown,2016-03-13
2550,J***,M***,j***@gmail.com,***-***-1631,1975-**-**,[MASKED ADDRESS],247793.97,suspended,2023-03-30
2552,M***,M***,m***@mail.company.co.uk,***-***-2066,1944-**-**,[MASKED ADDRESS],33000.00,inactive,2022-11-19
2553,E***,W***,.***@x.com,***-***-1533,1953-**-**,[MASKED ADDRESS],,suspended,2018-02-11
2554,S***,H***,s***@outlook.com,***-***-7116,1981-**-**,[MASKED ADDRESS],93238.86,active,2023-09-13
2555,D***,A***,d***@yahoo.com,***-***-0494,2005-**-**,[MASKED ADDRESS],102768.17,suspended,2023-12-12
2556,D***,v***,d***@company.co.uk,***-***-6506,1975-**-**,[MASKED ADDRESS],96272.04,inactive,2021-08-02
2557,S***,v***,s***@outlook.com,***-***-2698,1957-**-**,[MASKED ADDRESS],114430.95,active,2019-09-04
2558,N***,D***,n***@company.co.uk,***-***-2312,2000-**-**,[MASKED ADDRESS],139085.99,suspended,2015-10-24
2559,J***,O***,j***@outlook.com,***-***-4948,1998-**-**,[MASKED ADDRESS],,suspended,2018-08-18
2560,O***,T***,o***@gmail.com,***-***-3155,2003-**-**,[MASKED ADDRESS],245518.17,inactive,2020-10-23
2561,M***,M***,m***@gmail.com,***-***-9312,1941-**-**,[MASKED ADDRESS],197308.23,active,2022-09-08
2562,M***,U***,m***@outlook.com,***-***-4316,2001-**-**,[MASKED ADDRESS],72502.49,inactive,2019-02-22
2563,J***,B***,j***@gmail.com,***-***-1581,1965-**-**,[MASKED ADDRESS],192143.37,active,2018-12-11
2564,C***,D***,c***@gmail.com,***-***-9053,1974-**-**,[MASKED ADDRESS],100557.51,inactive,2018-08-06
2565,J***,N***,j***@gmail.com,***-***-4575,2000-**-**,[MASKED ADDRESS],105022.34,active,2022-06-13
2566,D***,H***,d***@company.co.uk,***-***-2851,1960-**-**,[MASKED ADDRESS],211231.50,active,2023-10-14
2567,D***,S***,d***@gmail.com,***-***-2129,1972-**-**,[MASKED ADDRESS],121885.36,suspended,2016-01-27
2568,A***,d***,a***@mail.company.co.uk,***-***-2026,1978-**-**,[MASKED ADDRESS],240529.97,inactive,2016-07-10
2569,S***,J***,s***@outlook.com,***-***-9139,1941-**-**,[MASKED ADDRESS],166422.28,suspended,2016-08-06
2570,G***,D***,g***@company.co.uk,***-***-7470,1972-**-**,[MASKED ADDRESS],138501.96,active,2018-02-28
2571,J***,U***,j***@company.co.uk,***-***-8880,1966-**-**,[MASKED ADDRESS],222837.51,active,2020-08-22
2572,J***,U***,j***@yahoo.com,***-***-5576,1997-**-**,[MASKED ADDRESS],180458.14,inactive,2019-12-29
2573,M***,v***,m***@company.co.uk,***-***-3683,1969-**-**,[MASKED ADDRESS],146664.66,active,2022-02-03
2574,M***,D***,m***@company.co.uk,***-***-8276,1992-**-**,[MASKED ADDRESS],127492.34,active,2023-11-28
2575,S***,[MISSING],s***@company.co.uk,***-***-6473,1947-**-**,[MASKED ADDRESS],193871.02,inactive,2022-02-03
2577,L***,T***,l***@outlook.com,***-***-3801,1981-**-**,[MASKED ADDRESS],199948.80,inactive,2020-05-28
2578,M***,[MISSING],m***@gmail.com,***-***-1229,2001-**-**,[MASKED ADDRESS],155137.53,inactive,2019-05-29
2579,O***,T***,o***@gmail.com,***-***-4748,1973-**-**,[MASKED ADDRESS],105911.48,suspended,2016-08-14
2580,L***,U***,l***@gmail.com,***-***-1533,1999-**-**,[MASKED ADDRESS],185615.23,active,2019-04-01
2581,D***,W***,d***@yahoo.com,***-***-2884,1979-**-**,[MASKED ADDRESS],89815.38,inactive,2019-07-01
2582,D***,B***,d***@gmail.com,***-***-8362,2006-**-**,[MASKED ADDRESS],194809.73,active,2022-09-18
2583,D***,H***,d***@yahoo.com,***-***-9514,1975-**-**,[MASKED ADDRESS],35447345.00,suspended,2021-10-14
2584,S***,O***,s***@company.co.uk,***-***-9402,2002-**-**,[MASKED ADDRESS],-15239.00,suspended,2018-03-22
2585,M***,d***,m***@yahoo.com,***-***-1034,1971-**-**,[MASKED ADDRESS],156008.07,suspended,2024-11-25
2586,N***,S***,n***@yahoo.com,***-***-2422,2004-**-**,[MASKED ADDRESS],138881.49,inactive,2017-03-05
2587,D***,M***,d***@gmail.com,***-***-6756,1972-**-**,[MASKED ADDRESS],43882.39,inactive,2015-07-21
2588,N***,U***,n***@outlook.com,***-***-5544,,[MASKED ADDRESS],174901.72,suspended,2017-11-30
2589,M***,O***,m***@company.co.uk,***-***-4844,1969-**-**,[MASKED ADDRESS],149907.75,active,2021-06-22
2590,T***,M***,t***@gmail.com,***-***-7944,1989-**-**,[MASKED ADDRESS],53678.51,active,
2591,T***,V***,t***@outlook.com,***-***-7387,1976-**-**,[MASKED ADDRESS],85039.14,active,2019-02-03
2592,M***,N***,m***@mail.company.co.uk,***-***-1908,1996-**-**,[MASKED ADDRESS],106721.22,active,2018-08-04
2593,J***,T***,j***@gmail.com,***-***-8441,1973-**-**,[MASKED ADDRESS],172171.21,active,2017-02-06
2594,J***,S***,j***@gmail.com,***-***-9019,1942-**-**,[MASKED ADDRESS],44535.99,inactive,2021-03-15
2595,J***,H***,j***@gmail.com,***-***-7738,1992-**-**,[MASKED ADDRESS],154686.63,suspended,2020-06-25
2596,J***,O***,j***@mail.company.co.uk,***-***-6961,1992-**-**,[MASKED ADDRESS],148766.46,inactive,2018-08-27
2597,J***,A***,j***@gmail.com,***-***-6549,1994-**-**,[MASKED ADDRESS],57762.08,inactive,2020-01-12
2598,N***,T***,n***@outlook.com,***-***-7517,1958-**-**,[MASKED ADDRESS],183419.28,suspended,2015-05-21
2599,A***,[MISSING],a***@gmail.com,***-***-5549,1982-**-**,[MASKED ADDRESS],97062.17,active,2019-08-29
2600,D***,T***,d***@company.co.uk,***-***-8531,1960-**-**,[MASKED ADDRESS],87892.27,active,2015-01-11
2601,D***,N***,d***@company.co.uk,***-***-3345,1978-**-**,[MASKED ADDRESS],115008.20,active,2020-04-28
2602,S***,D***,s***@outlook.com,***-***-7240,1999-**-**,[MASKED ADDRESS],190958.80,suspended,2015-09-22
2603,C***,D***,c***@outlook.com,***-***-2440,1941-**-**,[MASKED ADDRESS],187758.46,inactive,2016-04-23
2604,[MISSING],B***,?***@mail.company.co.uk,***-***-4661,1999-**-**,[MASKED ADDRESS],85704.23,suspended,2016-06-16
2605,M***,J***,m***@outlook.com,***-***-5706,1998-**-**,[MASKED ADDRESS],129501.06,inactive,2023-08-25
2606,J***,M***,j***@gmail.com,***-***-4270,1997-**-**,[MASKED ADDRESS],186463.33,active,2022-12-18
2607,N***,O***,n***@gmail.com,***-***-0167,1973-**-**,[MASKED ADDRESS],238815.95,active,2019-07-23
2608,S***,S***,s***@outlook.com,***-***-2959,1972-**-**,[MASKED ADDRESS],51064.20,active,2018-12-01
2609,L***,N***,l***@yahoo.com,***-***-8162,1997-**-**,[MASKED ADDRESS],147556.21,inactive,2017-08-06
2610,C***,B***,c***@gmail,***-***-1351,1962-**-**,[MASKED ADDRESS],101945.08,inactive,2022-08-26
2611,D***,H***,d***@outlook.com,***-***-9393,1950-**-**,[MASKED ADDRESS],46733.69,suspended,2019-12-25
2612,C***,A***,c***@company.co.uk,***-***-1983,1963-**-**,[MASKED ADDRESS],59951.21,inactive,2021-03-15
2613,T***,W***,t***@gmail.com,***-***-1186,1991-**-**,[MASKED ADDRESS],101430.89,suspended,2020-09-22
2614,M***,S***,m***@yahoo.com,***-***-0534,1956-**-**,[MASKED ADDRESS],125417.63,active,2021-03-15
2615,T***,H***,t***@gmail.com,***-***-6304,1980-**-**,[MASKED ADDRESS],158485.09,active,2018-11-20
2616,N***,T***,n***@mail.company.co.uk,***-***-6624,1979-**-**,[MASKED ADDRESS],182593.74,active,
2617,D***,O***,d***@outlook.com,***-***-1570,1949-**-**,[MASKED ADDRESS],219148.04,active,2024-05-19
2618,D***,W***,d***@yahoo.com,***-***-5889,1963-**-**,[MASKED ADDRESS],132525.40,active,2018-12-17
2619,D***,M***,d***@company.co.uk,***-***-2369,1970-**-**,[MASKED ADDRESS],197442.09,inactive,2015-09-05
2620,J***,v***,d***@gmail.com,,1997-**-**,[MASKED ADDRESS],65389.60,inactive,2024-01-29
2621,A***,M***,a***@company.co.uk,***-***-3238,1957-**-**,[MASKED ADDRESS],188648.91,inactive,
2622,A***,N***,a***@company.co.uk,***-***-8677,1945-**-**,[MASKED ADDRESS],199397.49,active,2022-07-09
2623,C***,B***,c***@yahoo.com,***-***-6026,1997-**-**,[MASKED ADDRESS],27246.33,suspended,2021-06-09
2624,T***,H***,t***@yahoo.com,***-***-5988,1965-**-**,[MASKED ADDRESS],132453.35,active,2015-08-11
2625,D***,W***,d***@gmail.com,***-***-1802,1973-**-**,[MASKED ADDRESS],,suspended,2017-05-05
2626,[MISSING],M***,u***@yahoo.com,***-***-4527,1974-**-**,[MASKED ADDRESS],144187.62,unknown,2015-12-18
2627,M***,D***,m***@outlook.com,***-***-9382,1989-**-**,[MASKED ADDRESS],69696.33,inactive,2019-02-03
2628,T***,M***,t***@gmail.com,***-***-8638,1973-**-**,[MASKED ADDRESS],54604.91,active,2019-12-31
2629,A***,J***,a***@yahoo.com,***-***-8080,2000-**-**,[MASKED ADDRESS],137820.20,suspended,2023-01-04
2630,N***,B***,n***@gmail.com,***-***-4310,1966-**-**,[MASKED ADDRESS],32475.31,active,2023-04-24
2631,P***,S***,p***@outlook.com,***-***-0876,1982-**-**,,167639.34,inactive,2016-01-01
2632,D***,J***,d***@company.co.uk,***-***-1482,1986-**-**,[MASKED ADDRESS],89706.73,inactive,2019-09-25
2633,D***,T***,d***@company.co.uk,***-***-7171,1953-**-**,[MASKED ADDRESS],176797.48,suspended,2024-06-12
2634,J***,A***,j***@yahoo.com,***-***-2389,1945-**-**,[MASKED ADDRESS],76502.21,suspended,2021-09-13
2635,C***,M***,c***@company.co.uk,***-***-8114,1963-**-**,[MASKED ADDRESS],88901.22,inactive,2018-03-25
2636,D***,B***,d***@outlook.com,***-***-3966,,[MASKED ADDRESS],191111.32,inactive,2021-04-02
2637,J***,T***,j***@outlook.com,***-***-3901,1959-**-**,[MASKED ADDRESS],37038.11,inactive,2019-01-26
2638,J***,T***,j***@yahoo.com,***-***-1893,1995-**-**,[MASKED ADDRESS],,suspended,2015-05-14
2639,M***,W***,m***@yahoo.com,***-***-6499,2006-**-**,[MASKED ADDRESS],155254.36,active,2023-02-01
3672,D***,M***,d***@yahoo.com,***-***-5579,1944-**-**,[MASKED ADDRESS],87809.97,inactive,2022-08-28
2641,J***,S***,j***@yahoo.com,***-***-7027,1955-**-**,[MASKED ADDRESS],181472.17,active,2020-07-07
2642,P***,B***,p***@yahoo.com,***-***-0568,1961-**-**,[MASKED ADDRESS],181593.64,inactive,2024-08-21
2643,D***,T***,d***@gmail.com,***-***-5880,2006-**-**,[MASKED ADDRESS],129812.41,inactive,2017-06-30
2644,T***,W***,t***@yahoo.com,***-***-1206,1958-**-**,[MASKED ADDRESS],56858.22,suspended,2021-03-15
2645,S***,D***,s***@gmail.com,***-***-7931,1986-**-**,[MASKED ADDRESS],17805.30,inactive,2019-12-06
2646,O***,M***,o***@yahoo.com,,1993-**-**,[MASKED ADDRESS],212975.76,suspended,2021-03-15
2647,N***,[MISSING],n***@gmail.com,***-***-2020,1958-**-**,[MASKED ADDRESS],22325.78,1,2018-08-11
2648,D***,T***,d***@gmail.com,***-***-9099,1990-**-**,[MASKED ADDRESS],140711.44,suspended,2023-07-26
2649,J***,M***,j***@company.co.uk,***-***-3847,1942-**-**,[MASKED ADDRESS],224189.21,active,2017-08-12
2650,M***,W***,m***@outlook.com,***-***-9747,1958-**-**,[MASKED ADDRESS],,inactive,2022-04-25
2651,J***,N***,n***@outlook.com,***-***-2357,1975-**-**,[MASKED ADDRESS],233944.25,inactive,2018-08-08
2652,C***,v***,c***@x.com; c***@y.com,***-***-7227,1950-**-**,[MASKED ADDRESS],170436.73,active,2022-11-14
2653,N***,d***,n***@company.co.uk,***-***-4549,1969-**-**,[MASKED ADDRESS],88929.64,suspended,2015-12-14
2655,J***,T***,j***@company.co.uk,***-***-0091,1941-**-**,[MASKED ADDRESS],123561.07,active,2021-01-02
2656,S***,A***,s***@gmail.com,***-***-2204,1977-**-**,[MASKED ADDRESS],247119.00,suspended,2023-11-21
2657,S***,B***,s***@gmail.com,***-***-0352,1946-**-**,[MASKED ADDRESS],128785.33,suspended,2024-11-05
2658,S***,M***,s***@yahoo.com,***-***-7730,1972-**-**,[MASKED ADDRESS],154522.87,suspended,2023-07-07
2659,M***,O***,m***@gmail.com,***-***-7273,1964-**-**,[MASKED ADDRESS],91284.47,suspended,2024-05-10
2660,M***,S***,m***@outlook.com,***-***-8919,1976-**-**,[MASKED ADDRESS],19296.81,active,2022-06-21
2661,T***,v***,t***@gmail.com,***-***-2425,1990-**-**,[MASKED ADDRESS],87053.70,inactive,2021-03-15
2662,O***,B***,o***@yahoo.com,***-***-5611,1998-**-**,[MASKED ADDRESS],214005.50,inactive,2024-08-12
2663,J***,H***,j***@company.co.uk,***-***-4546,1982-**-**,[MASKED ADDRESS],124996.53,active,2023-05-30
2664,A***,A***,a***@outlook.com,***-***-6065,1996-**-**,[MASKED ADDRESS],172239.42,suspended,2017-09-18
2665,E***,[MISSING],.***@x.com,***-***-0161,1954-**-**,[MASKED ADDRESS],134264.81,active,2021-03-24
2666,E***,H***,e***@gmail.com,***-***-9996,1997-**-**,[MASKED ADDRESS],196014.39,inactive,2019-01-16
2667,O***,B***,o***@gmail.com,***-***-8609,1964-**-**,[MASKED ADDRESS],174883.16,active,2022-09-13
2668,O***,J***,o***@outlook.com,***-***-1015,1985-**-**,[MASKED ADDRESS],65703.34,inactive,2021-07-01
2669,A***,H***,a***@outlook.com,***-***-0061,1974-**-**,[MASKED ADDRESS],85623.91,active,2016-03-14
2670,O***,T***,o***@outlook.com,***-***-2377,1960-**-**,[MASKED ADDRESS],151221.13,suspended,2018-04-03
2671,D***,J***,d***@gmail.com,***-***-4913,1982-**-**,[MASKED ADDRESS],245565.79,inactive,2016-07-13
2672,L***,W***,l***@outlook.com,***-***-7266,1953-**-**,[MASKED ADDRESS],194139.61,active,2024-11-12
2673,P***,W***,p***@company.co.uk,***-***-7866,1988-**-**,[MASKED ADDRESS],219916.84,suspended,2021-03-15
2674,E***,A***,e***@yahoo.com,***-***-2305,1946-**-**,[MASKED ADDRESS],204051.34,suspended,2021-03-15
2675,S***,B***,s***@outlook.com,***-***-3432,1945-**-**,[MASKED ADDRESS],213185.94,active,2020-05-08
2676,M***,D***,m***@company.co.uk,***-***-8186,1940-**-**,[MASKED ADDRESS],128052.42,active,2024-12-06
2677,A***,H***,a***@mail.company.co.uk,***-***-4277,1946-**-**,[MASKED ADDRESS],109672.10,suspended,2015-12-15
2678,C***,J***,c***@gmail.com,***-***-0506,1942-**-**,[MASKED ADDRESS],31462.43,inactive,2024-02-11
2679,D***,d***,d***@outlook.com,***-***-7941,1977-**-**,[MASKED ADDRESS],16934.03,active,2024-09-12
2680,M***,N***,m***@company.co.uk,***-***-8490,1984-**-**,[MASKED ADDRESS],19949.40,inactive,2024-09-04
2681,J***,U***,j***@gmail.com,***-***-4746,1966-**-**,[MASKED ADDRESS],200878.85,suspended,2015-06-28
2682,G***,N***,g***@yahoo.com,***-***-7278,1945-**-**,[MASKED ADDRESS],104805.66,inactive,2015-06-30
2683,P***,J***,p***@yahoo.com,***-***-7659,2006-**-**,[MASKED ADDRESS],90774.82,active,2024-04-29
2684,S***,O***,,***-***-4102,1965-**-**,[MASKED ADDRESS],128550.32,inactive,2016-06-21
2685,E***,M***,e***@gmail.com,***-***-9697,1949-**-**,[MASKED ADDRESS],114363.80,inactive,2015-08-11
2686,S***,J***,s***@gmail.com,***-***-6407,1987-**-**,[MASKED ADDRESS],192505.37,active,2019-08-27
2687,[MISSING],D***,u***@gmail.com,***-***-2759,2005-**-**,[MASKED ADDRESS],160477.92,suspended,2016-05-19
2688,M***,H***,m***@outlook.com,***-***-3159,1944-**-**,[MASKED ADDRESS],205205.42,active,2018-02-04
AB-1393,J***,T***,j***@mail.company.co.uk,***-***-4710,1945-**-**,[MASKED ADDRESS],248190.87,active,2023-06-21
2690,J***,T***,j***@gmail.com,***-***-0021,1994-**-**,[MASKED ADDRESS],102646.31,inactive,2024-11-28
2691,C***,M***,c***@yahoo.com,***-***-0386,1980-**-**,,26224.79,active,2016-04-29
2692,C***,T***,c***@gmail.com,***-***-5037,1954-**-**,[MASKED ADDRESS],102056.08,suspended,2018-08-02
2693,S***,M***,s***@company.co.uk,,1950-**-**,[MASKED ADDRESS],208103.77,active,
2694,J***,J***,j***@yahoo.com,***-***-7746,1996-**-**,[MASKED ADDRESS],62720.23,active,2016-12-30
2695,N***,J***,n***@gmail.com,***-***-2016,1958-**-**,[MASKED ADDRESS],31336.85,inactive,2018-03-22
2696,D***,J***,d***@mail.company.co.uk,***-***-9767,1965-**-**,[MASKED ADDRESS],90109.42,inactive,2021-03-15
2697,S***,d***,s***@company.co.uk,***-***-0759,1940-**-**,[MASKED ADDRESS],71239.45,unknown,
2698,P***,[MISSING],p***@mail.company.co.uk,***-***-4967,1984-**-**,[MASKED ADDRESS],157404.13,active,2015-04-29
2699,J***,J***,j***@yahoo.com,***-***-3456,1992-**-**,[MASKED ADDRESS],38329.77,inactive,2021-03-15
2700,D***,H***,d***@yahoo.com,***-***-6940,1991-**-**,[MASKED ADDRESS],138041.20,active,2015-07-12
2701,S***,T***,s***@gmail.com,***-***-7366,1954-**-**,,24702.60,active,
2702,S***,T***,s***@company.co.uk,***-***-4451,1987-**-**,[MASKED ADDRESS],188013.94,active,2017-06-05
2703,J***,H***,j***@gmail.com,***-***-9469,2001-**-**,[MASKED ADDRESS],55649.83,inactive,2024-06-06
2704,T***,N***,t***@gmail.com,***-***-5243,1997-**-**,[MASKED ADDRESS],43068.81,inactive,2016-07-17
2705,P***,T***,p***@mail.company.co.uk,***-***-3703,1943-**-**,[MASKED ADDRESS],18298.00,suspended,2019-07-01
2706,[MISSING],D***,n***@yahoo.com,***-***-7959,1968-**-**,[MASKED ADDRESS],50176.91,inactive,2016-12-15
2707,J***,M***,j***@company.co.uk,***-***-0384,1963-**-**,[MASKED ADDRESS],172666.12,active,2024-01-05
2708,O***,D***,o***@outlook.com,***-***-6902,1976-**-**,[MASKED ADDRESS],165734.89,inactive,2022-04-23
2709,M***,D***,m***@gmail.com,***-***-1264,1978-**-**,[MASKED ADDRESS],157144.07,unknown,2016-03-11
2710,M***,A***,m***@yahoo.com,***-***-8502,1975-**-**,[MASKED ADDRESS],88975.96,active,2022-07-26
2711,L***,W***,l***@yahoo.com,***-***-6119,1975-**-**,[MASKED ADDRESS],109943.84,active,2021-03-15
-277,J***,J***,j***@mail.company.co.uk,***-***-5080,1997-**-**,[MASKED ADDRESS],98691.05,active,2024-12-19
2714,E***,J***,e***@outlook.com,***-***-4032,1952-**-**,[MASKED ADDRESS],68556.81,active,2018-06-20
2715,T***,M***,t***@gmail.com,***-***-2121,1997-**-**,[MASKED ADDRESS],64605.98,active,2015-02-11
2716,M***,D***,m***@yahoo.com,***-***-9337,1974-**-**,[MASKED ADDRESS],96933.59,active,2024-09-19
2717,M***,T***,m***@gmail.com,***-***-4276,2000-**-**,[MASKED ADDRESS],63075.21,active,2020-03-29
2718,J***,W***,j***@outlook.com,***-***-5286,1988-**-**,[MASKED ADDRESS],186135.14,suspended,2022-02-22
2719,N***,D***,n***@gmail.com,***-***-8122,1985-**-**,[MASKED ADDRESS],119327.89,suspended,2022-02-28
2720,D***,U***,d***@yahoo.com,,1984-**-**,[MASKED ADDRESS],249705.46,suspended,2021-10-11
2721,C***,W***,c***@yahoo.com,***-***-8506,1964-**-**,[MASKED ADDRESS],51098.83,active,2015-03-15
2722,S***,d***,s***@mail.company.co.uk,***-***-8902,1984-**-**,[MASKED ADDRESS],167185.82,active,2022-06-17
2723,J***,U***,j***@company.co.uk,***-***-5910,1952-**-**,[MASKED ADDRESS],170784.27,inactive,2024-03-19
2724,L***,S***,l***@outlook.com,***-***-6910,1995-**-**,[MASKED ADDRESS],63925.56,inactive,2024-04-14
2725,J***,U***,j***@company.co.uk,***-***-5700,1963-**-**,[MASKED ADDRESS],119825.52,active,2022-04-20
2726,P***,B***,p***@outlook.com,***-***-6297,1963-**-**,[MASKED ADDRESS],195225.24,suspended,2018-12-24
2728,T***,D***,t***@gmail.com,***-***-4428,1940-**-**,[MASKED ADDRESS],178180.61,inactive,2024-06-27
2729,S***,W***,s***@company.co.uk,***-***-0961,1978-**-**,[MASKED ADDRESS],224432.10,suspended,2018-06-26
2730,T***,U***,t***@company.co.uk,***-***-3339,1966-**-**,[MASKED ADDRESS],210552.46,active,2021-06-15
2731,S***,M***,s***@company.co.uk,***-***-0894,1981-**-**,[MASKED ADDRESS],149918.20,inactive,2019-10-31
2732,M***,H***,m***@company.co.uk,***-***-4442,1946-**-**,[MASKED ADDRESS],136512.91,inactive,2021-01-17
2733,P***,D***,p***@company.co.uk,***-***-7323,1985-**-**,[MASKED ADDRESS],91246.52,inactive,2027-01-01
2734,D***,D***,d***@outlook.com,***-***-8550,1964-**-**,[MASKED ADDRESS],158144.64,active,2020-01-15
2735,J***,M***,j***@gmail.com,***-***-3863,1988-**-**,[MASKED ADDRESS],181653.25,suspended,2015-04-18
2736,J***,A***,j***@outlook.com,***-***-5383,1959-**-**,[MASKED ADDRESS],32071.47,active,2024-06-10
2737,O***,H***,o***@gmail.com,***-***-4775,1947-**-**,[MASKED ADDRESS],50746.40,active,2019-08-04
2738,N***,T***,n***@outlook.com,***-***-0190,1998-**-**,[MASKED ADDRESS],28799.16,active,2020-10-30
2739,S***,d***,s***@outlook.com,***-***-6870,1949-**-**,[MASKED ADDRESS],149558.37,active,2024-01-30
2740,O***,D***,o***@company.co.uk,***-***-5012,1954-**-**,[MASKED ADDRESS],80390.54,active,2020-11-10
2741,C***,T***,c***@gmail.com,***-***-1681,1988-**-**,[MASKED ADDRESS],18272.31,suspended,2016-04-25
2742,C***,M***,c***@yahoo.com,***-***-5725,1983-**-**,[MASKED ADDRESS],223322.75,active,2017-11-26
2743,C***,J***,c***@yahoo.com,***-***-7796,1988-**-**,[MASKED ADDRESS],57229.44,suspended,2015-04-06
2744,E***,J***,e***@yahoo.com,***-***-6016,1951-**-**,[MASKED ADDRESS],243410.58,inactive,2015-09-18
2745,D***,D***,d***@gmail.com,***-***-4679,1979-**-**,[MASKED ADDRESS],247002.85,suspended,2015-02-02
2746,C***,M***,c***@gmail.com,***-***-3653,1994-**-**,[MASKED ADDRESS],201143.56,inactive,2016-10-11
2748,D***,T***,d***@gmail.com,***-***-8498,1995-**-**,,58602.16,suspended,2023-12-16
2749,T***,S***,t***@mail.company.co.uk,***-***-0566,1974-**-**,[MASKED ADDRESS],159396.25,active,2021-02-24
2750,M***,S***,m***@gmail.com,***-***-2857,1958-**-**,[MASKED ADDRESS],245666.46,inactive,2023-08-20
2751,J***,B***,j***@mail.company.co.uk,***-***-9159,1960-**-**,[MASKED ADDRESS],84804.15,suspended,2021-05-23
2752,N***,T***,n***@gmail.com,***-***-7741,1954-**-**,[MASKED ADDRESS],177561.96,active,2016-06-21
2753,M***,B***,m***@outlook.com,***-***-2302,1968-**-**,[MASKED ADDRESS],20681.34,inactive,2018-11-10
2754,N***,v***,n***@yahoo.com,***-***-1137,1999-**-**,[MASKED ADDRESS],60817.56,active,2020-01-13
2755,M***,O***,m***@outlook.com,***-***-6359,1947-**-**,[MASKED ADDRESS],,inactive,2022-12-30
2756,T***,W***,t***@outlook.com,***-***-0446,1976-**-**,[MASKED ADDRESS],210881.29,active,2015-05-26
2757,M***,T***,m***@yahoo.com,***-***-3326,1992-**-**,[MASKED ADDRESS],62361.04,suspended,2021-03-15
2758,G***,M***,g***@outlook.com,***-***-9912,1968-**-**,[MASKED ADDRESS],48279.04,inactive,2019-10-30
2759,P***,S***,p***@yahoo.com,***-***-6064,1972-**-**,[MASKED ADDRESS],39804.45,suspended,2015-01-09
2760,S***,O***,,***-***-9729,1983-**-**,[MASKED ADDRESS],52956.37,inactive,2018-12-22
2761,S***,M***,s***@mail.company.co.uk,***-***-7066,1988-**-**,[MASKED ADDRESS],15821.43,suspended,2015-11-26
2762,N***,T***,n***@outlook.com,***-***-2337,2003-**-**,[MASKED ADDRESS],217952.68,inactive,2021-04-12
2763,D***,S***,d***@outlook.com,***-***-6958,1962-**-**,[MASKED ADDRESS],239174.70,suspended,2016-10-15
2764,M***,H***,m***@gmail.com,***-***-7203,1984-**-**,[MASKED ADDRESS],228395.59,suspended,2017-11-08
2765,E***,O***,e***@gmail.com,***-***-0517,1962-**-**,[MASKED ADDRESS],145121.74,suspended,2023-06-21
2.766E+00,O***,B***,o***@gmail.com,***-***-5799,1949-**-**,[MASKED ADDRESS],236472.46,inactive,2024-02-27
2767,J***,J***,j***@outlook.com,***-***-9253,1982-**-**,[MASKED ADDRESS],162731.11,active,2020-12-05
2768,C***,M***,c***@company.co.uk,***-***-8793,1950-**-**,[MASKED ADDRESS],196272.09,inactive,2019-11-09
2769,N***,J***,n***@outlook.com,***-***-7778,1976-**-**,[MASKED ADDRESS],150980.00,inactive,2023-07-08
2770,P***,B***,p***@company.co.uk,***-***-9048,1962-**-**,[MASKED ADDRESS],229953.63,suspended,2023-04-07
2771,J***,T***,j***@gmail.com,***-***-1291,1943-**-**,[MASKED ADDRESS],69889.77,inactive,2022-04-24
2772,M***,D***,m***@gmail.com,***-***-0547,2004-**-**,[MASKED ADDRESS],58730.10,suspended,2017-10-22
2773,G***,W***,g***@outlook.com,***-***-5643,1983-**-**,[MASKED ADDRESS],82433.30,active,2020-03-04
2774,G***,A***,g***@mail.company.co.uk,***-***-5002,1957-**-**,[MASKED ADDRESS],126253.40,active,2022-04-04
2775,G***,J***,g***@outlook.com,***-***-6628,,[MASKED ADDRESS],238220.13,inactive,2024-01-17
2776,E***,D***,e***@mail.company.co.uk,***-***-3564,1978-**-**,[MASKED ADDRESS],121084.43,active,2017-04-05
2778,E***,O***,e***@gmail.com,***-***-3037,1985-**-**,[MASKED ADDRESS],27067.97,suspended,2023-02-21
2779,N***,[MISSING],n***@gmail.com,***-***-4110,,[MASKED ADDRESS],139805.15,inactive,2017-06-25
2780,D***,J***,d***@yahoo.com,***-***-1579,1991-**-**,[MASKED ADDRESS],186343.47,active,2018-05-15
2781,M***,M***,m***@company.co.uk,***-***-9437,1984-**-**,[MASKED ADDRESS],246363.75,active,2017-04-05
2782,N***,N***,n***@company.co.uk,***-***-1150,1959-**-**,[MASKED ADDRESS],243943.59,suspended,2022-03-08
2783,N***,v***,n***@company.co.uk,***-***-9726,1997-**-**,[MASKED ADDRESS],210706.12,active,2020-09-08
2784,J***,M***,j***@yahoo.com,***-***-8275,1946-**-**,[MASKED ADDRESS],227433.43,suspended,2019-03-26
2785,J***,U***,j***@mail.company.co.uk,***-***-5453,1992-**-**,[MASKED ADDRESS],111593.18,suspended,2017-07-01
2786,J***,M***,j***@company.co.uk,***-***-8396,1968-**-**,[MASKED ADDRESS],154492.97,active,2024-07-05
2787,O***,W***,o***@gmail.com,***-***-6015,1956-**-**,[MASKED ADDRESS],126572.91,active,2021-03-24
2788,[MISSING],S***,u***@mail.company.co.uk,***-***-8574,1965-**-**,[MASKED ADDRESS],104189.12,suspended,2022-05-27
2789,L***,S***,l***@outlook.com,***-***-7586,1948-**-**,[MASKED ADDRESS],244152.09,inactive,2019-01-22
2790,N***,T***,n***@gmail.com,***-***-8599,1996-**-**,[MASKED ADDRESS],198627.60,suspended,2021-03-15
2791,J***,A***,j***@mail.company.co.uk,***-***-4261,1952-**-**,[MASKED ADDRESS],53708.18,suspended,2015-04-01
2792,A***,W***,a***@yahoo.com,***-***-5412,1994-**-**,[MASKED ADDRESS],215207.13,inactive,2017-10-19
2793,T***,N***,t***@gmail.com,***-***-0861,1961-**-**,[MASKED ADDRESS],151302.50,active,2023-01-26
2794,O***,W***,o***@company.co.uk,***-***-9545,1985-**-**,[MASKED ADDRESS],222599.32,inactive,2023-04-06
2795,M***,v***,m***@company.co.uk,***-***-8944,1985-**-**,[MASKED ADDRESS],69507.11,inactive,2022-10-08
2796,O***,J***,o***@outlook.com,***-***-0873,1972-**-**,[MASKED ADDRESS],93500.78,suspended,2021-03-15
2797,C***,d***,c***@outlook.com,***-***-7353,1990-**-**,[MASKED ADDRESS],42060.15,suspended,2019-03-05
2798,J***,M***,j***@gmail.com,***-***-2840,1975-**-**,[MASKED ADDRESS],36617.77,inactive,2019-07-10
2799,L***,N***,l***@yahoo.com,***-***-6427,1987-**-**,[MASKED ADDRESS],175937.31,inactive,2021-11-03
AB-7457,P***,D***,p***@gmail.com,***-***-5512,1951-**-**,[MASKED ADDRESS],214243.29,suspended,2017-11-09
2801,J***,v***,j***,***-***-4732,1975-**-**,[MASKED ADDRESS],66342.42,inactive,
2802,S***,D***,s***@yahoo.com,***-***-1526,1955-**-**,[MASKED ADDRESS],212736.49,active,2023-12-07
2803,N***,M***,n***@outlook.com,,1987-**-**,[MASKED ADDRESS],64808.34,inactive,2019-01-22
2804,D***,J***,d***@outlook.com,***-***-2843,1967-**-**,[MASKED ADDRESS],93477.36,suspended,2017-01-07
2805,T***,O***,t***@gmail.com,***-***-4064,1985-**-**,[MASKED ADDRESS],25191.35,suspended,2024-10-01
2806,N***,D***,n***@outlook.com,***-***-4414,1971-**-**,[MASKED ADDRESS],37492.17,suspended,2021-08-21
2807,D***,S***,d***@outlook.com,***-***-9763,1964-**-**,[MASKED ADDRESS],247608.47,suspended,2016-03-16
2808,J***,O***,j***@gmail.com,***-***-9532,1964-**-**,[MASKED ADDRESS],92743.85,suspended,2018-11-19
2809,N***,N***,n***@company.co.uk,***-***-8951,1960-**-**,[MASKED ADDRESS],33670.14,suspended,2019-12-28
2810,E***,N***,e***@gmail.com,***-***-2950,1985-**-**,[MASKED ADDRESS],147176.80,suspended,2024-08-12
2811,N***,S***,n***@gmail.com,***-***-5232,1973-**-**,[MASKED ADDRESS],134279.99,inactive,2021-03-15
2812,J***,J***,j***@yahoo.com,***-***-9591,1981-**-**,[MASKED ADDRESS],248968.64,active,2023-11-28
2813,P***,[MISSING],p***@company.co.uk,***-***-0006,1956-**-**,[MASKED ADDRESS],167505.27,suspended,2021-03-15
2814,M***,U***,m***@company.co.uk,***-***-9390,1956-**-**,[MASKED ADDRESS],73271.78,unknown,2015-11-05
2815,M***,W***,m***@gmail.com,***-***-1138,1974-**-**,[MASKED ADDRESS],49866.33,active,2020-07-03
2816,A***,T***,a***@gmail.com,***-***-7046,1997-**-**,[MASKED ADDRESS],29091.31,pending,2021-12-17
2817,J***,B***,j***@company.co.uk,***-***-7021,1988-**-**,[MASKED ADDRESS],67855.92,suspended,2021-08-09
2818,J***,W***,.***@x.com,***-***-9567,1959-**-**,[MASKED ADDRESS],141441.01,active,2024-11-01
2819,N***,D***,,***-***-7677,1963-**-**,[MASKED ADDRESS],64542.47,active,2024-07-29
2820,D***,W***,d***@yahoo.com,***-***-3688,1942-**-**,[MASKED ADDRESS],115871.01,active,2019-02-13
2821,G***,T***,g***@company.co.uk,***-***-7294,1976-**-**,[MASKED ADDRESS],229521.93,inactive,2019-09-10
2822,L***,S***,,***-***-8617,1964-**-**,[MASKED ADDRESS],157616.04,suspended,2017-02-23
2823,E***,T***,e***@company.co.uk,***-***-9380,1974-**-**,[MASKED ADDRESS],169297.98,active,2022-08-02
2824,S***,J***,s***@gmail.com,***-***-9992,2005-**-**,[MASKED ADDRESS],130457.53,suspended,2022-11-15
2825,D***,J***,d***@yahoo.com,***-***-4771,1951-**-**,[MASKED ADDRESS],35466.01,suspended,2015-08-08
2826,D***,O***,d***@yahoo.com,***-***-9296,1962-**-**,[MASKED ADDRESS],241999.39,inactive,2021-03-15
2827,L***,B***,l***@outlook.com,***-***-4686,1951-**-**,[MASKED ADDRESS],128509.39,suspended,2024-07-07
AB-5338,E***,v***,e***@yahoo.com,***-***-3370,1956-**-**,[MASKED ADDRESS],16649.78,suspended,2024-09-21
2829,L***,M***,l***@gmail.com,***-***-5424,1950-**-**,[MASKED ADDRESS],102318.19,suspended,2018-09-04
2830,D***,S***,d***@company.co.uk,***-***-8626,1983-**-**,[MASKED ADDRESS],42951.67,active,2021-03-15
2831,D***,A***,a***@gmail.com,***-***-8794,1941-**-**,[MASKED ADDRESS],97918.88,inactive,2022-03-25
2832,J***,A***,j***@yahoo.com,***-***-1302,1991-**-**,[MASKED ADDRESS],38277.23,active,2019-12-18
2833,C***,N***,c***@gmail.com,***-***-7387,1983-**-**,[MASKED ADDRESS],243141.42,suspended,2016-11-13
2834,S***,U***,s***@gmail.com,***-***-7611,1968-**-**,[MASKED ADDRESS],54621.07,inactive,2016-12-31
2.835E+00,J***,O***,j***@gmail.com,***-***-0007,1957-**-**,[MASKED ADDRESS],162370.39,unknown,2015-09-09
2836,T***,M***,t***@company.co.uk,***-***-2741,1964-**-**,,174556.73,suspended,2022-06-09
2837,O***,D***,o***@outlook.com,***-***-9564,1975-**-**,[MASKED ADDRESS],27458.86,suspended,2017-09-09
2838,M***,D***,m***@outlook.com,***-***-8448,1948-**-**,[MASKED ADDRESS],63869.74,active,2015-12-20
2839,J***,d***,j***@outlook.com,***-***-0690,1993-**-**,[MASKED ADDRESS],34006.15,suspended,2020-04-22
2840,C***,A***,c***@outlook.com,***-***-2855,1989-**-**,[MASKED ADDRESS],130913.65,active,2021-03-15
2841,J***,M***,j***@outlook.com,***-***-2111,2002-**-**,[MASKED ADDRESS],15337.49,suspended,2016-06-07
2842,D***,M***,d***@outlook.com,***-***-0076,1970-**-**,[MASKED ADDRESS],198558.87,inactive,2020-04-21
2843,A***,M***,a***@mail.company.co.uk,***-***-5460,2000-**-**,[MASKED ADDRESS],113128.75,inactive,2023-08-22
2844,P***,D***,p***@yahoo.com,***-***-9235,1970-**-**,[MASKED ADDRESS],240024.20,inactive,2018-09-21
2.845E+00,N***,J***,n***@mail.company.co.uk,***-***-8603,1975-**-**,[MASKED ADDRESS],95700.06,suspended,2024-07-07
2846,O***,D***,o***@outlook.com,***-***-1937,1967-**-**,[MASKED ADDRESS],156789.06,active,2020-11-10
2847,S***,D***,s***@outlook.com,***-***-2919,1949-**-**,[MASKED ADDRESS],214079.25,suspended,
2848,N***,D***,n***@company.co.uk,***-***-0041,1986-**-**,[MASKED ADDRESS],149758.83,inactive,2017-04-21
2849,J***,N***,j***@company.co.uk,***-***-1485,1987-**-**,[MASKED ADDRESS],28104.42,active,2019-08-24
2850,M***,D***,m***@gmail.com,***-***-1061,1977-**-**,[MASKED ADDRESS],139908.25,inactive,2021-01-11
2851,T***,J***,t***@yahoo.com,***-***-0569,1961-**-**,[MASKED ADDRESS],188095.62,inactive,2023-01-15
2852,S***,J***,s***@outlook.com,***-***-1665,1956-**-**,[MASKED ADDRESS],135866.17,active,2015-08-13
2853,P***,J***,p***@mail.company.co.uk,***-***-7939,1966-**-**,,249943.81,inactive,2021-03-15
2854,P***,U***,p***@company.co.uk,***-***-2469,2004-**-**,[MASKED ADDRESS],167660.89,suspended,2017-12-14
2855,A***,M***,a***@gmail.com,***-***-4707,1953-**-**,[MASKED ADDRESS],225697.59,inactive,2016-04-19
2856,J***,N***,j***@gmail.com,***-***-4390,1984-**-**,[MASKED ADDRESS],134642.94,active,2016-09-22
2857,O***,D***,o***@gmail.com,***-***-5891,1958-**-**,[MASKED ADDRESS],110423.17,suspended,2015-02-11
AB-7417,S***,T***,s***@outlook.com,***-***-0637,1968-**-**,[MASKED ADDRESS],24900.75,active,2021-03-15
2859,J***,v***,j***@yahoo.com,***-***-9694,2000-**-**,[MASKED ADDRESS],40570.53,active,2019-08-12
2860,S***,D***,s***@outlook.com,***-***-9742,1965-**-**,[MASKED ADDRESS],37679.71,suspended,2016-12-02
2861,P***,T***,p***@company.co.uk,***-***-5499,1954-**-**,[MASKED ADDRESS],225153.74,inactive,2020-06-22
2862,N***,d***,n***@outlook.com,***-***-0056,1940-**-**,[MASKED ADDRESS],45282.16,active,2018-10-01
2863,E***,M***,e***@yahoo.com,***-***-4775,1993-**-**,[MASKED ADDRESS],189192.49,active,2016-10-01
2864,O***,M***,o***@yahoo.com,***-***-1355,1969-**-**,[MASKED ADDRESS],129056.17,suspended,2024-03-05
2865,S***,A***,s***@yahoo.com,***-***-6056,,[MASKED ADDRESS],23132.31,active,2021-11-18
2866,L***,J***,l***@yahoo.com,***-***-8330,1992-**-**,[MASKED ADDRESS],189976.62,inactive,2018-11-16
2867,E***,M***,e***@yahoo.com,***-***-9167,1946-**-**,[MASKED ADDRESS],183987.45,active,2016-02-06
2868,S***,U***,s***@x.com,***-***-2234,1952-**-**,[MASKED ADDRESS],203669.47,suspended,2022-01-07
2869,J***,J***,j***@mail.company.co.uk,***-***-6687,1997-**-**,[MASKED ADDRESS],128710.10,inactive,2016-11-29
AB-4685,C***,D***,c***@company.co.uk,***-***-4888,2002-**-**,[MASKED ADDRESS],-14476.00,suspended,2015-05-04
2871,W***,S***,s***@outlook.com,***-***-4516,1965-**-**,[MASKED ADDRESS],83260.86,inactive,2024-09-29
2872,J***,W***,j***@gmail.com,***-***-4751,1940-**-**,[MASKED ADDRESS],87236.75,active,2015-10-12
2873,J***,W***,j***@mail.company.co.uk,***-***-4640,2010-**-**,[MASKED ADDRESS],24423.71,suspended,2015-11-04
2874,M***,O***,m***@gmail.com,***-***-5860,1963-**-**,[MASKED ADDRESS],148199.81,suspended,2020-02-19
2875,M***,M***,m***@outlook.com,***-***-7117,2005-**-**,[MASKED ADDRESS],41287.64,suspended,
2876,J***,T***,j***@gmail.com,***-***-3062,1979-**-**,[MASKED ADDRESS],232705.24,inactive,2015-05-22
2877,M***,M***,m***@gmail.com,***-***-9422,1946-**-**,[MASKED ADDRESS],158621.90,active,2024-08-29
2878,S***,v***,s***@yahoo.com,***-***-5011,1970-**-**,[MASKED ADDRESS],92732.00,inactive,2020-05-16
2879,T***,U***,t***@gmail.com,***-***-1148,1955-**-**,[MASKED ADDRESS],115125.73,suspended,2022-06-09
2880,M***,[MISSING],m***@mail.company.co.uk,***-***-3655,1947-**-**,[MASKED ADDRESS],27869.17,active,2019-04-28
2881,D***,W***,d***@yahoo.com,***-***-1919,1974-**-**,[MASKED ADDRESS],244724.70,active,2015-01-07
2882,M***,M***,m***@company.co.uk,***-***-3744,1958-**-**,[MASKED ADDRESS],249382.59,suspended,2015-03-23
2883,J***,J***,j***@x.com,***-***-0785,1992-**-**,[MASKED ADDRESS],33290.56,inactive,2024-06-19
1127,M***,J***,m***@gmail.com,***-***-1927,1985-**-**,[MASKED ADDRESS],70697.40,active,2018-02-17
2885,M***,M***,m***@mail.company.co.uk,***-***-0665,1984-**-**,[MASKED ADDRESS],171232.86,active,2015-08-03
2886,N***,W***,n***@company.co.uk,***-***-7243,1975-**-**,[MASKED ADDRESS],170427.17,inactive,2021-09-17
2887,M***,J***,m***@gmail.com,***-***-8070,1940-**-**,[MASKED ADDRESS],37756.68,active,2021-11-22
2888,M***,J***,m***@gmail.com,***-***-4271,1993-**-**,[MASKED ADDRESS],48207.90,inactive,2024-11-19
2889,J***,J***,j***@yahoo.com,***-***-6754,1969-**-**,[MASKED ADDRESS],220283.13,active,2022-07-01
2890,S***,d***,s***@yahoo.com,***-***-7223,1997-**-**,[MASKED ADDRESS],69484.09,TRUE,2020-09-28
2891,L***,D***,l***@yahoo.com,***-***-9378,1993-**-**,[MASKED ADDRESS],238369.19,active,2016-10-15
2892,J***,S***,j***@company.co.uk,***-***-6999,1985-**-**,[MASKED ADDRESS],99725.29,suspended,2024-03-04
2893,J***,A***,j***@gmail.com,***-***-6543,1957-**-**,[MASKED ADDRESS],139798.56,active,2019-07-15
2894,E***,M***,e***@yahoo.com,***-***-9845,1949-**-**,[MASKED ADDRESS],136169.52,active,2017-09-04
2895,C***,d***,c***@outlook.com,***-***-8322,1984-**-**,[MASKED ADDRESS],,inactive,2024-06-19
2896,O***,J***,o***@company.co.uk,***-***-5454,1943-**-**,[MASKED ADDRESS],207329.22,suspended,2024-08-17
2897,N***,M***,n***@mail.company.co.uk,***-***-1526,2005-**-**,[MASKED ADDRESS],222027.77,suspended,2022-11-04
2898,A***,W***,a***@company.co.uk,***-***-7767,1974-**-**,[MASKED ADDRESS],154934.59,suspended,2024-04-03
2899,T***,W***,t***@gmail.com,***-***-4086,1989-**-**,[MASKED ADDRESS],235641.28,active,2016-04-13
2900,J***,O***,j***@outlook.com,***-***-7070,1956-**-**,[MASKED ADDRESS],74178.37,unknown,2021-03-15
2901,M***,D***,m***@yahoo.com,***-***-2777,1944-**-**,[MASKED ADDRESS],108464.11,suspended,2021-11-04
2902,J***,O***,j***@gmail.com,***-***-3932,1969-**-**,[MASKED ADDRESS],136660.88,suspended,2027-01-01
2903,L***,M***,l***@gmail.com,***-***-4252,1988-**-**,[MASKED ADDRESS],240065.87,active,2020-01-23
2904,P***,M***,p***@company.co.uk,***-***-9009,1983-**-**,[MASKED ADDRESS],109859.43,inactive,2020-04-24
2905,M***,W***,m***@x.com,***-***-9325,1950-**-**,[MASKED ADDRESS],108321.75,suspended,2022-03-18
2906,N***,W***,n***@company.co.uk,***-***-2971,1984-**-**,[MASKED ADDRESS],39087.51,active,2020-10-26
2907,O***,D***,o***@mail.company.co.uk,***-***-8237,1942-**-**,[MASKED ADDRESS],95162.78,inactive,2024-10-11
2908,M***,T***,m***@mail.company.co.uk,***-***-9269,1979-**-**,[MASKED ADDRESS],168492.39,suspended,2024-10-05
2909,N***,A***,n***@yahoo.com,***-***-5714,1940-**-**,[MASKED ADDRESS],242149.38,active,2018-05-13
2910,O***,v***,o***@company.co.uk,,1987-**-**,[MASKED ADDRESS],203378.86,inactive,2024-01-09
2911,N***,d***,n***@yahoo.com,***-***-6870,1966-**-**,[MASKED ADDRESS],191623.92,inactive,2021-05-01
2912,J***,v***,j***@yahoo.com,***-***-2865,1963-**-**,[MASKED ADDRESS],54828.78,suspended,2020-05-20
2913,D***,W***,d***@yahoo.com,***-***-0670,1940-**-**,[MASKED ADDRESS],146320.61,suspended,2019-05-10
2915,D***,d***,d***@company.co.uk,***-***-6208,1995-**-**,[MASKED ADDRESS],112829.89,suspended,2024-06-06
2916,A***,W***,.***@x.com,***-***-1221,,[MASKED ADDRESS],105475.30,inactive,2024-06-21
2917,O***,D***,o***@company.co.uk,***-***-3218,1996-**-**,[MASKED ADDRESS],116531.26,inactive,2021-04-15
2918,D***,O***,d***@company.co.uk,***-***-9033,1969-**-**,[MASKED ADDRESS],93255.99,inactive,2022-07-16
2919,M***,v***,m***@gmail.com,***-***-9488,1975-**-**,[MASKED ADDRESS],246233.84,suspended,2018-09-22
2920,N***,J***,n***@outlook.com,***-***-8434,1987-**-**,[MASKED ADDRESS],207439.84,active,2017-05-27
2921,M***,J***,m***@company.co.uk,***-***-8509,2002-**-**,[MASKED ADDRESS],184859.44,suspended,
2922,N***,U***,n***@gmail.com,***-***-5862,1998-**-**,[MASKED ADDRESS],185406.87,inactive,2018-08-31
2923,N***,J***,n***@mail.company.co.uk,***-***-9240,1945-**-**,[MASKED ADDRESS],40349.89,active,2024-12-03
2924,G***,J***,g***@mail.company.co.uk,***-***-1251,1974-**-**,[MASKED ADDRESS],33098.83,active,2022-10-21
2925,S***,U***,s***@yahoo.com,***-***-3148,1967-**-**,[MASKED ADDRESS],133747.10,inactive,2022-03-19
2926,M***,v***,,***-***-0121,2005-**-**,[MASKED ADDRESS],238866.81,inactive,2017-01-27
2927,S***,J***,s***@outlook.com,***-***-1377,1970-**-**,[MASKED ADDRESS],162326.01,active,2016-06-09
2928,M***,M***,m***@yahoo.com,***-***-1246,1981-**-**,[MASKED ADDRESS],49218.21,inactive,2020-10-13
2929,G***,J***,g***@yahoo.com,***-***-3582,1952-**-**,[MASKED ADDRESS],30489.22,inactive,2021-03-15
2930,M***,S***,m***@yahoo.com,***-***-0385,1951-**-**,[MASKED ADDRESS],152170.93,inactive,2018-12-10
2931,D***,W***,d***@company.co.uk,***-***-6231,2002-**-**,[MASKED ADDRESS],24413.99,active,2018-03-03
2932,S***,D***,s***@gmail.com,***-***-4619,2002-**-**,[MASKED ADDRESS],144698.29,active,2019-07-23
2933,T***,d***,t***@mail.company.co.uk,***-***-7971,1994-**-**,[MASKED ADDRESS],143110.87,active,2017-03-18
2934,S***,N***,s***@outlook.com,***-***-2912,1967-**-**,[MASKED ADDRESS],205924.39,suspended,2024-09-10
2935,L***,W***,l***@company.co.uk,***-***-4572,1954-**-**,[MASKED ADDRESS],209053.16,inactive,2018-03-19
2936,L***,O***,l***@yahoo.com,***-***-3608,1979-**-**,[MASKED ADDRESS],179561.39,active,2017-09-19
2937,D***,N***,d***@gmail.com,***-***-3499,1964-**-**,[MASKED ADDRESS],185111.92,suspended,2019-12-16
2938,D***,T***,d***,***-***-4295,1982-**-**,[MASKED ADDRESS],98983.68,active,2019-02-11
2939,D***,B***,d***@outlook.com,***-***-6611,1953-**-**,[MASKED ADDRESS],47936830.00,unknown,2021-05-27
2940,N***,J***,n***@gmail.com,***-***-6871,1976-**-**,[MASKED ADDRESS],247959.21,suspended,2019-05-16
2941,D***,J***,,***-***-6503,1974-**-**,[MASKED ADDRESS],108276.22,inactive,2023-05-01
2942,E***,M***,e***,***-***-3055,1972-**-**,[MASKED ADDRESS],57025.71,active,2019-10-29
2943,P***,W***,p***@gmail.com,***-***-3555,2001-**-**,[MASKED ADDRESS],160206.24,inactive,2021-05-09
AB-7420,A***,U***,a***@company.co.uk,***-***-3496,1986-**-**,[MASKED ADDRESS],176454.33,active,2019-01-31
AB-9589,D***,T***,d***@company.co.uk,***-***-4324,2001-**-**,[MASKED ADDRESS],54789.14,suspended,2018-08-23
2946,M***,v***,m***@gmail.com,***-***-6240,1974-**-**,[MASKED ADDRESS],241811.62,suspended,2022-04-13
2947,M***,J***,m***@company.co.uk,***-***-6790,1942-**-**,[MASKED ADDRESS],121009.35,inactive,2021-03-15
2948,N***,[MISSING],a***@gmail.com,***-***-6628,1975-**-**,[MASKED ADDRESS],33080.04,inactive,2018-11-24
2949,L***,v***,l***@yahoo.com,***-***-9943,1971-**-**,[MASKED ADDRESS],106711.62,inactive,2016-10-24
2950,S***,N***,s***@company.co.uk,***-***-9168,1999-**-**,[MASKED ADDRESS],164344.77,suspended,2024-07-21
2951,N***,S***,.***@x.com,***-***-3908,1944-**-**,,177602.04,active,
2952,G***,D***,g***@gmail.com,***-***-7365,1984-**-**,[MASKED ADDRESS],161193.89,inactive,2020-08-04
2953,D***,M***,d***@yahoo.com,***-***-7722,1986-**-**,[MASKED ADDRESS],153538.31,active,2021-04-18
2954,O***,U***,o***@outlook.com,***-***-2081,1972-**-**,[MASKED ADDRESS],182055.54,active,2016-02-22
2955,G***,J***,g***@yahoo.com,***-***-7251,1948-**-**,[MASKED ADDRESS],197104.88,suspended,2024-11-08
2956,T***,S***,t***@company.co.uk,***-***-9420,2006-**-**,[MASKED ADDRESS],,active,2016-05-01
2957,P***,T***,p***@mail.company.co.uk,***-***-8332,1945-**-**,[MASKED ADDRESS],151408.49,suspended,2024-04-01
2958,J***,D***,j***@outlook.com,***-***-5692,1965-**-**,[MASKED ADDRESS],84738.10,inactive,2021-03-15
2959,P***,T***,p***@yahoo.com,***-***-1764,1992-**-**,[MASKED ADDRESS],39429.89,active,2021-08-17
2960,N***,N***,n***@company.co.uk,***-***-3395,1968-**-**,[MASKED ADDRESS],249113.22,inactive,2021-10-15
2961,M***,U***,m***@outlook.com,***-***-5873,1958-**-**,[MASKED ADDRESS],142959.96,suspended,2015-05-14
2962,M***,v***,m***@gmail.com,***-***-5678,2000-**-**,[MASKED ADDRESS],83934.23,active,2018-08-12
2963,S***,N***,s***@yahoo.com,***-***-6324,1949-**-**,[MASKED ADDRESS],128763.45,suspended,2019-04-16
2964,P***,H***,p***@mail.company.co.uk,***-***-1769,1987-**-**,[MASKED ADDRESS],120997.05,inactive,2016-07-30
2965,N***,d***,n***@gmail.com,***-***-7409,2001-**-**,[MASKED ADDRESS],222625.04,active,2021-03-15
2966,C***,S***,c***@company.co.uk,***-***-8871,1964-**-**,[MASKED ADDRESS],96238.14,suspended,2021-07-11
2967,S***,J***,s***@company.co.uk,***-***-8346,1968-**-**,[MASKED ADDRESS],160620.95,suspended,2021-03-15
2968,S***,J***,s***@gmail.com,***-***-4050,1985-**-**,[MASKED ADDRESS],78395.22,inactive,2019-07-18
2969,M***,B***,m***@mail.company.co.uk,***-***-5453,1957-**-**,[MASKED ADDRESS],133099.91,suspended,2019-08-19
2970,O***,D***,o***@outlook.com,***-***-7318,2002-**-**,[MASKED ADDRESS],76877.54,inactive,2023-02-06
2971,M***,U***,m***@outlook.com,***-***-0370,1973-**-**,[MASKED ADDRESS],116286.37,active,2020-01-29
2972,L***,d***,l***@gmail.com,***-***-5793,1948-**-**,[MASKED ADDRESS],204115.30,suspended,2023-04-21
2973,D***,D***,d***@outlook.com,,2001-**-**,[MASKED ADDRESS],119755.21,active,2019-02-25
2974,M***,d***,m***@outlook.com,***-***-5133,1988-**-**,[MASKED ADDRESS],214956.11,inactive,2024-09-19
2975,J***,A***,j***@yahoo.com,***-***-1925,1944-**-**,[MASKED ADDRESS],72125.26,active,2022-08-28
2976,D***,M***,d***@mail.company.co.uk,***-***-7436,2004-**-**,[MASKED ADDRESS],116950.84,active,2015-10-02
2977,D***,B***,d***@gmail.com,***-***-3859,1989-**-**,[MASKED ADDRESS],172480.06,suspended,2017-09-09
2978,P***,W***,p***@outlook.com,***-***-3028,1962-**-**,[MASKED ADDRESS],69412.31,suspended,2017-07-12
2980,M***,U***,m***@mail.company.co.uk,***-***-0859,2002-**-**,[MASKED ADDRESS],96096.04,active,2016-04-03
2981,S***,A***,s***@outlook.com,***-***-7316,1972-**-**,[MASKED ADDRESS],39129.48,inactive,2021-11-12
2982,P***,d***,p***@gmail.com,***-***-0102,1949-**-**,[MASKED ADDRESS],50292.51,suspended,2021-03-15
2983,C***,B***,c***@gmail.com,***-***-9949,1998-**-**,[MASKED ADDRESS],115912.94,suspended,2016-04-28
2984,T***,W***,t***@outlook.com,***-***-6021,1971-**-**,[MASKED ADDRESS],187481.72,inactive,2018-05-07
2985,L***,W***,l***@yahoo.com,***-***-8323,1978-**-**,[MASKED ADDRESS],131715.55,inactive,2019-07-25
2986,J***,d***,j***@gmail.com,***-***-6128,1940-**-**,[MASKED ADDRESS],53937.53,suspended,2019-01-02
2987,J***,A***,j***@gmail.com,***-***-3610,1956-**-**,[MASKED ADDRESS],15013.68,suspended,2022-03-03
2988,E***,M***,e***@outlook.com,***-***-2202,1973-**-**,[MASKED ADDRESS],89051.96,suspended,2018-09-08
2989,N***,O***,n***@yahoo.com,***-***-9346,1994-**-**,[MASKED ADDRESS],166605.24,inactive,2021-03-03
2990,C***,S***,c***@x.com,***-***-4946,1981-**-**,[MASKED ADDRESS],64338.32,suspended,2021-03-15
2991,C***,A***,c***@company.co.uk,***-***-7410,1964-**-**,[MASKED ADDRESS],173011.24,suspended,2016-11-19
2992,E***,A***,e***@yahoo.com,***-***-4447,1981-**-**,[MASKED ADDRESS],43066.22,active,2021-06-08
2993,L***,S***,l***@company.co.uk,***-***-6585,2000-**-**,[MASKED ADDRESS],142364.16,suspended,2024-07-04
2994,S***,J***,s***@company.co.uk,***-***-9552,1951-**-**,[MASKED ADDRESS],,suspended,2020-07-30
2995,T***,W***,.***@x.com,***-***-9606,1974-**-**,[MASKED ADDRESS],60748.08,suspended,2017-03-31
2996,M***,T***,m***@gmail.com,***-***-0044,1986-**-**,[MASKED ADDRESS],221191.96,active,2017-12-25
2997,D***,S***,d***@gmail.com,***-***-9858,1962-**-**,[MASKED ADDRESS],26870.25,active,2015-08-10
2998,G***,B***,g***@gmail.com,***-***-5787,1943-**-**,,218412.96,inactive,2018-01-31
2999,S***,M***,s***@yahoo.com,***-***-3434,1960-**-**,[MASKED ADDRESS],165192.80,active,2018-11-24
3000,M***,M***,m***@gmail.com,***-***-7970,1989-**-**,[MASKED ADDRESS],17042.52,active,2016-03-09
3001,L***,U***,l***@outlook.com,***-***-2496,1951-**-**,[MASKED ADDRESS],78652.79,inactive,2022-09-21
3002,M***,v***,m***@outlook.com,***-***-4203,1999-**-**,[MASKED ADDRESS],49480.92,active,2017-10-23
3003,D***,D***,d***@outlook.com,***-***-6295,1965-**-**,[MASKED ADDRESS],83715.94,inactive,2024-12-13
3004,N***,T***,n***@gmail.com,***-***-1346,1990-**-**,[MASKED ADDRESS],160101.72,inactive,2021-11-25
3005,D***,D***,d***@gmail.com,***-***-1893,1968-**-**,[MASKED ADDRESS],126579.59,inactive,2015-06-28
3006,O***,W***,o***@gmail.com,***-***-3845,1994-**-**,[MASKED ADDRESS],248174.63,suspended,2022-03-07
3007,N***,M***,n***@mail.company.co.uk,***-***-4606,1973-**-**,[MASKED ADDRESS],156385.41,suspended,2024-03-04
3008,A***,S***,a***@outlook.com,***-***-3073,2000-**-**,[MASKED ADDRESS],232514.38,active,2016-08-30
3009,D***,J***,d***@gmail.com,***-***-3685,1957-**-**,[MASKED ADDRESS],132018.48,inactive,2020-08-21
3010,J***,B***,j***@yahoo.com,***-***-8842,1978-**-**,[MASKED ADDRESS],133233.43,active,2016-10-28
3011,O***,J***,o***@gmail.com,***-***-1396,1990-**-**,[MASKED ADDRESS],28241.20,suspended,2019-03-06
3012,D***,U***,d***@yahoo.com,***-***-5562,1973-**-**,[MASKED ADDRESS],96971.06,active,2020-04-28
3013,P***,D***,p***@gmail.com,***-***-5998,1974-**-**,[MASKED ADDRESS],60120.10,inactive,2018-09-14
3014,O***,J***,o***@gmail.com,***-***-3808,,[MASKED ADDRESS],91611.96,inactive,2024-02-28
3015,J***,W***,j***@outlook.com,***-***-0877,1970-**-**,[MASKED ADDRESS],121195.42,active,2021-03-15
3017,D***,J***,d***@mail.company.co.uk,***-***-1778,1951-**-**,[MASKED ADDRESS],189406.68,suspended,2024-02-08
3018,[MISSING],W***,n***@gmail.com,,1961-**-**,[MASKED ADDRESS],147031.52,suspended,2021-05-03
3019,P***,A***,p***@gmail.com,***-***-6301,1982-**-**,[MASKED ADDRESS],204597.83,inactive,2022-03-10
3020,J***,T***,j***@gmail.com,***-***-6620,1986-**-**,[MASKED ADDRESS],174641.64,inactive,2015-10-18
3021,O***,D***,o***@gmail.com,***-***-2406,1995-**-**,[MASKED ADDRESS],129174.38,inactive,
3022,D***,H***,d***@company.co.uk,***-***-4734,1945-**-**,[MASKED ADDRESS],51118.01,suspended,2021-08-19
3023,M***,W***,m***@company.co.uk,***-***-8667,1981-**-**,[MASKED ADDRESS],243208.27,inactive,2023-11-29
3024,E***,H***,e***@mail.company.co.uk,***-***-7250,,[MASKED ADDRESS],173762.49,inactive,2015-10-20
3025,J***,T***,j***@gmail.com,***-***-0338,1953-**-**,[MASKED ADDRESS],220383.24,active,2024-06-22
3026,M***,O***,m***@yahoo.com,,1981-**-**,[MASKED ADDRESS],81178.94,active,2023-09-18
3027,E***,D***,e***@outlook.com,***-***-8304,1950-**-**,[MASKED ADDRESS],198950.01,inactive,2023-10-28
3028,C***,T***,c***@gmail.com,***-***-2325,1963-**-**,[MASKED ADDRESS],92240.95,active,2017-10-28
3029,D***,J***,d***@company.co.uk,***-***-7252,1951-**-**,[MASKED ADDRESS],63494.17,unknown,2023-09-23
3030,L***,N***,l***@company.co.uk,,1966-**-**,[MASKED ADDRESS],117693.50,active,2023-11-19
3031,D***,d***,d***@gmail.com,***-***-2015,1966-**-**,[MASKED ADDRESS],214445.41,inactive,2020-03-06
3032,D***,J***,d***@yahoo.com,***-***-7606,1953-**-**,[MASKED ADDRESS],187404.17,active,2018-06-03
3033,A***,A***,a***@gmail.com,***-***-0457,1948-**-**,[MASKED ADDRESS],226293.35,suspended,2017-05-30
3034,C***,W***,c***@mail.company.co.uk,***-***-8582,2005-**-**,[MASKED ADDRESS],16244.85,active,2021-11-23
3035,G***,D***,g***@mail.company.co.uk,***-***-7894,1948-**-**,[MASKED ADDRESS],164626.46,active,2017-09-23
3036,M***,O***,m***@company.co.uk,***-***-1051,1993-**-**,[MASKED ADDRESS],199608.22,inactive,2022-05-09
3037,M***,v***,m***@gmail.com,***-***-3691,1941-**-**,[MASKED ADDRESS],,suspended,2024-09-06
3038,N***,H***,n***@gmail.com,***-***-1006,1960-**-**,[MASKED ADDRESS],241724.49,inactive,2017-06-23
3039,S***,W***,s***@gmail.com,***-***-2201,2005-**-**,[MASKED ADDRESS],75997.72,suspended,2024-11-01
3040,M***,M***,m***@mail.company.co.uk,***-***-8899,1965-**-**,[MASKED ADDRESS],85548.58,inactive,2023-07-15
3041,M***,T***,m***@gmail.com,***-***-8952,1951-**-**,[MASKED ADDRESS],232701.31,closed,2022-05-04
3042,D***,M***,d***@yahoo.com,***-***-3574,1972-**-**,[MASKED ADDRESS],42488.56,active,2022-06-25
3043,T***,A***,t***@gmail.com,***-***-9488,1959-**-**,[MASKED ADDRESS],238466.61,active,2022-10-23
3044,M***,J***,m***@yahoo.com,***-***-7928,1978-**-**,[MASKED ADDRESS],166367.66,suspended,2020-12-25
3045,N***,M***,n***@yahoo.com,***-***-2240,1992-**-**,[MASKED ADDRESS],234309.48,suspended,2024-08-04
3046,M***,A***,m***@yahoo.com,***-***-1427,1997-**-**,[MASKED ADDRESS],,suspended,2023-01-10
3047,G***,J***,g***@yahoo.com,***-***-7004,1975-**-**,[MASKED ADDRESS],33455.55,suspended,2018-08-09
3048,D***,A***,d***@company.co.uk,***-***-1984,1966-**-**,[MASKED ADDRESS],56129.99,active,2017-03-17
3049,M***,U***,m***@gmail.com,***-***-7479,1974-**-**,[MASKED ADDRESS],182281.56,active,2021-11-29
3050,D***,T***,d***@outlook.com,***-***-0229,1963-**-**,[MASKED ADDRESS],16674.00,suspended,
3051,N***,N***,n***@yahoo.com,***-***-2377,1990-**-**,[MASKED ADDRESS],156924.02,unknown,2020-11-19
3052,S***,S***,s***@x.com,***-***-5233,1951-**-**,[MASKED ADDRESS],54492.99,inactive,2018-10-12
3053,J***,W***,j***@mail.company.co.uk,***-***-1895,1952-**-**,[MASKED ADDRESS],73053.93,suspended,2016-01-16
3054,C***,H***,c***@company.co.uk,***-***-2777,1969-**-**,[MASKED ADDRESS],60877.22,inactive,
3055,M***,N***,m***@outlook.com,***-***-4144,1950-**-**,[MASKED ADDRESS],227791.62,inactive,2018-02-18
3056,S***,W***,s***@company.co.uk,***-***-6812,1977-**-**,[MASKED ADDRESS],130610.22,active,2023-05-07
AB-8515,D***,W***,d***@yahoo.com,***-***-7299,1974-**-**,[MASKED ADDRESS],70533.01,active,2019-12-10
3058,P***,B***,p***@outlook.com,***-***-1834,2003-**-**,[MASKED ADDRESS],93803.00,active,2022-09-03
3059,D***,D***,d***@yahoo.com,***-***-6510,1979-**-**,[MASKED ADDRESS],227901.17,suspended,2018-06-01
3060,J***,J***,j***@gmail.com,***-***-7505,1993-**-**,[MASKED ADDRESS],235913.29,suspended,2024-01-03
3061,D***,M***,d***@company.co.uk,***-***-9935,1967-**-**,[MASKED ADDRESS],68653.50,inactive,2017-12-07
3062,E***,H***,e***@yahoo.com,***-***-9221,1973-**-**,[MASKED ADDRESS],141886.43,suspended,2016-11-05
3063,J***,T***,j***@company.co.uk,***-***-9302,1984-**-**,[MASKED ADDRESS],31037.63,active,2016-05-08
3064,M***,A***,m***@outlook.com,,1991-**-**,[MASKED ADDRESS],174190.00,inactive,2017-09-24
3065,D***,A***,d***@gmail.com,***-***-2030,1991-**-**,[MASKED ADDRESS],232858.77,suspended,2023-02-28
3066,O***,J***,o***@gmail.com,***-***-2185,1970-**-**,[MASKED ADDRESS],114130.15,active,2015-09-05
3067,P***,W***,p***@outlook.com,***-***-2813,1964-**-**,[MASKED ADDRESS],116870.20,active,2024-07-03
3068,L***,D***,l***@gmail.com,***-***-9913,1984-**-**,[MASKED ADDRESS],166970.61,inactive,2023-04-05
3069,L***,A***,,***-***-8930,1997-**-**,[MASKED ADDRESS],87266.44,suspended,2021-01-22
3070,A***,N***,a***@yahoo.com,***-***-9524,1973-**-**,[MASKED ADDRESS],102456.91,inactive,2023-10-25
3072,C***,D***,c***@yahoo.com,***-***-2905,1999-**-**,[MASKED ADDRESS],174884.22,inactive,2015-09-07
3073,M***,N***,m***@gmail.com,***-***-3920,1974-**-**,[MASKED ADDRESS],72756.21,active,2024-03-08
3074,N***,U***,n***@yahoo.com,***-***-3447,2004-**-**,[MASKED ADDRESS],93165.96,suspended,2022-12-21
3075,N***,M***,n***@gmail.com,***-***-6175,1962-**-**,[MASKED ADDRESS],56479.77,suspended,2015-08-24
3076,D***,H***,d***@gmail.com,***-***-7279,1988-**-**,[MASKED ADDRESS],25670.63,inactive,2019-10-29
3077,M***,J***,m***@outlook.com,***-***-4199,1950-**-**,[MASKED ADDRESS],132052.97,active,2018-01-26
3078,N***,U***,n***@outlook.com,***-***-7742,1981-**-**,[MASKED ADDRESS],137998.25,suspended,2022-12-05
3079,D***,J***,d***@gmail.com,***-***-9646,1978-**-**,[MASKED ADDRESS],233497.45,inactive,2018-06-25
3080,G***,d***,g***@mail.company.co.uk,***-***-6253,1995-**-**,[MASKED ADDRESS],119487.96,active,2019-10-25
3081,M***,T***,m***@gmail.com,***-***-2225,1972-**-**,[MASKED ADDRESS],147305.55,suspended,2017-10-29
3082,N***,S***,j***@outlook.com,***-***-5603,1985-**-**,[MASKED ADDRESS],66475.27,suspended,2016-08-11
3083,S***,T***,s***@gmail.com,***-***-5064,1947-**-**,[MASKED ADDRESS],61782.62,active,2018-07-21
3084,J***,J***,j***@company.co.uk,***-***-0213,1958-**-**,[MASKED ADDRESS],180659.10,active,2024-04-12
3085,O***,N***,o***@yahoo.com,***-***-9871,1990-**-**,[MASKED ADDRESS],28255.85,suspended,2018-08-05
3086,D***,v***,d***@gmail.com,***-***-5798,1987-**-**,[MASKED ADDRESS],18631.10,suspended,2024-04-22
3087,L***,M***,l***@gmail.com,***-***-8361,1987-**-**,[MASKED ADDRESS],232750.92,inactive,2015-01-28
3088,P***,B***,p***@gmail.com,***-***-3623,1944-**-**,[MASKED ADDRESS],96993.18,inactive,2022-10-22
3089,N***,W***,n***@yahoo.com,***-***-7987,1981-**-**,[MASKED ADDRESS],200824.10,suspended,2019-05-07
3090,J***,T***,j***@outlook.com,***-***-3733,1949-**-**,[MASKED ADDRESS],46409.71,active,2021-03-11
3091,G***,[MISSING],g***@outlook.com,***-***-8040,1941-**-**,[MASKED ADDRESS],77103.26,inactive,2019-07-11
3092,N***,O***,n***@gmail.com,***-***-9112,1971-**-**,[MASKED ADDRESS],27487.14,inactive,2022-09-05
3093,C***,B***,c***@company.co.uk,***-***-4484,2004-**-**,[MASKED ADDRESS],212412.11,inactive,2016-01-15
3094,C***,D***,,***-***-6799,1975-**-**,[MASKED ADDRESS],70211.83,suspended,2021-03-15
3095,T***,d***,t***@gmail.com,***-***-4613,1951-**-**,[MASKED ADDRESS],78303.79,suspended,2020-11-26
3096,N***,O***,n***@outlook.com,***-***-6128,1958-**-**,[MASKED ADDRESS],41715.43,inactive,2021-03-15
3097,D***,D***,d***@yahoo.com,***-***-3713,1949-**-**,[MASKED ADDRESS],143377.06,suspended,2024-02-16
3098,D***,T***,d***@outlook.com,***-***-7323,1980-**-**,[MASKED ADDRESS],95263.99,suspended,2015-08-16
3099,G***,T***,g***@gmail.com,***-***-5131,1999-**-**,[MASKED ADDRESS],,active,2015-07-16
3100,N***,B***,n***@yahoo.com,,1974-**-**,[MASKED ADDRESS],97415.24,active,2020-10-21
3101,M***,W***,m***@gmail.com,***-***-9401,1997-**-**,[MASKED ADDRESS],151868.78,inactive,2023-09-09
3102,D***,J***,d***@company.co.uk,***-***-8478,1963-**-**,[MASKED ADDRESS],216534.93,active,2015-04-06
3103,L***,A***,l***@outlook.com,***-***-0112,1940-**-**,[MASKED ADDRESS],27398.45,suspended,2017-09-06
3104,L***,W***,l***@company.co.uk,***-***-4288,1953-**-**,[MASKED ADDRESS],98809.97,active,2023-07-01
3105,P***,J***,p***@gmail.com,***-***-3110,1973-**-**,[MASKED ADDRESS],208632.64,suspended,2022-12-04
3106,J***,W***,j***@mail.company.co.uk,***-***-1493,1994-**-**,[MASKED ADDRESS],243763.40,active,2018-03-27
3107,J***,4***,j***@yahoo.com,***-***-7577,1995-**-**,[MASKED ADDRESS],51568.25,inactive,2020-06-14
3108,O***,J***,o***@yahoo.com,***-***-8406,1995-**-**,[MASKED ADDRESS],196531.93,active,2015-11-17
3109,G***,N***,g***@outlook.com,***-***-8377,1970-**-**,[MASKED ADDRESS],69300.69,suspended,2021-04-20
3110,S***,W***,s***@mail.company.co.uk,***-***-1049,1983-**-**,[MASKED ADDRESS],116650.03,suspended,2024-01-28
3111,P***,J***,p***@gmail.com,***-***-1258,1941-**-**,[MASKED ADDRESS],37685.66,suspended,2016-07-12
3112,P***,D***,p***@yahoo.com,***-***-2090,1963-**-**,[MASKED ADDRESS],211163.59,suspended,2020-07-15
3113,M***,J***,m***@yahoo.com,***-***-3206,2003-**-**,[MASKED ADDRESS],24546.38,inactive,2021-04-23
3114,C***,v***,c***@gmail.com,***-***-2255,1990-**-**,,221527.91,closed,2015-03-01
3115,N***,d***,n***@outlook.com,***-***-7153,1991-**-**,[MASKED ADDRESS],225240.97,suspended,2022-08-25
3116,E***,W***,e***@gmail.com,***-***-5518,1969-**-**,[MASKED ADDRESS],221693.57,suspended,2019-07-31
3117,N***,O***,n***@gmail.com,***-***-0972,2002-**-**,[MASKED ADDRESS],234695.96,suspended,2023-05-27
3118,J***,J***,j***@yahoo.com,***-***-0679,1996-**-**,[MASKED ADDRESS],92959.18,active,2021-03-15
3119,P***,M***,p***@company.co.uk,***-***-0080,1985-**-**,[MASKED ADDRESS],209650.22,inactive,2018-05-21
3120,S***,O***,s***@yahoo.com,***-***-4468,1993-**-**,[MASKED ADDRESS],111803.90,inactive,2022-09-24
3121,E***,W***,e***@gmail.com,***-***-0428,1947-**-**,[MASKED ADDRESS],208293.59,inactive,2018-10-14
-664,T***,M***,t***@yahoo.com,***-***-6386,1963-**-**,,157875.41,suspended,2021-10-23
3123,S***,T***,s***@outlook.com,***-***-7206,2000-**-**,[MASKED ADDRESS],27086.46,active,2020-05-14
3124,E***,W***,e***@gmail.com,***-***-3934,1940-**-**,[MASKED ADDRESS],194421.01,active,2017-08-24
3125,M***,N***,m***@outlook.com,***-***-7083,1973-**-**,[MASKED ADDRESS],236776.10,active,2018-12-28
3126,D***,U***,d***@company.co.uk,***-***-5385,1967-**-**,[MASKED ADDRESS],210219.64,inactive,2024-03-28
3127,O***,T***,o***@company.co.uk,***-***-3624,1950-**-**,[MASKED ADDRESS],48761.66,suspended,2018-08-17
3128,P***,N***,p***@gmail.com,***-***-6551,1984-**-**,[MASKED ADDRESS],44461.80,suspended,2024-03-17
3129,E***,D***,e***@mail.company.co.uk,***-***-5132,1958-**-**,[MASKED ADDRESS],162950.56,inactive,2019-07-31
3130,[MISSING],M***,u***@gmail.com,***-***-2801,1977-**-**,[MASKED ADDRESS],37095.33,active,2020-02-26
3131,T***,W***,t***@mail.company.co.uk,***-***-0479,1986-**-**,[MASKED ADDRESS],,inactive,2022-07-17
3132,O***,M***,o***@company.co.uk,***-***-8268,1943-**-**,[MASKED ADDRESS],187942.07,suspended,2023-03-06
3133,M***,D***,m***@gmail.com,***-***-8653,1972-**-**,[MASKED ADDRESS],23270.30,active,2021-03-15
3134,D***,v***,d***@gmail.com,***-***-9544,2006-**-**,[MASKED ADDRESS],117838.66,active,2015-02-01
3135,E***,U***,e***@company.co.uk,***-***-4263,1973-**-**,[MASKED ADDRESS],104799.16,suspended,2024-06-20
3136,M***,B***,m***@yahoo.com,***-***-1296,1940-**-**,[MASKED ADDRESS],249924.30,suspended,2016-04-20
3137,D***,H***,d***@mail.company.co.uk,***-***-4580,1970-**-**,[MASKED ADDRESS],209058.70,suspended,2022-04-16
3138,M***,T***,m***@company.co.uk,***-***-3491,1976-**-**,[MASKED ADDRESS],168874.03,active,2016-03-01
3139,[MISSING],M***,u***@gmail.com,***-***-2870,2005-**-**,[MASKED ADDRESS],97231.84,active,2021-03-15
3140,T***,T***,t***@gmail.com,***-***-3114,1995-**-**,[MASKED ADDRESS],94532.00,suspended,2022-09-07
3141,S***,B***,s***@outlook.com,***-***-6073,1970-**-**,[MASKED ADDRESS],78610.53,active,2022-10-10
3142,M***,U***,m***@gmail.com,***-***-7588,1996-**-**,[MASKED ADDRESS],159685.87,suspended,2020-08-04
3144,D***,D***,d***@yahoo.com,***-***-0348,1992-**-**,[MASKED ADDRESS],39438.25,suspended,2022-01-22
3145,N***,S***,n***@company.co.uk,***-***-4384,1967-**-**,[MASKED ADDRESS],139768.76,active,2020-12-29
3146,D***,T***,d***@outlook.com,***-***-5064,1981-**-**,[MASKED ADDRESS],181183.87,unknown,2018-01-21
3147,S***,M***,s***@gmail.com,***-***-6395,1987-**-**,[MASKED ADDRESS],199870.50,inactive,2017-10-21
3148,D***,A***,d***@outlook.com,***-***-2603,1968-**-**,[MASKED ADDRESS],106592.70,inactive,2023-11-21
3149,S***,M***,s***@outlook.com,***-***-3141,1991-**-**,[MASKED ADDRESS],47253.25,active,2022-12-23
3150,G***,d***,g***@outlook.com,***-***-1074,2000-**-**,[MASKED ADDRESS],49089.62,suspended,2021-01-21
3151,S***,S***,s***@yahoo.com,***-***-0120,1983-**-**,[MASKED ADDRESS],210710.57,inactive,2018-09-25
3152,S***,M***,s***@gmail.com,***-***-2343,1981-**-**,[MASKED ADDRESS],30980.04,suspended,2020-10-15
3153,T***,N***,t***@yahoo.com,***-***-6766,1974-**-**,[MASKED ADDRESS],155465.71,suspended,2018-05-10
3154,N***,J***,n***@mail.company.co.uk,***-***-1440,1963-**-**,[MASKED ADDRESS],125993.67,suspended,2020-04-19
3155,C***,T***,c***@gmail.com,***-***-8792,1974-**-**,[MASKED ADDRESS],150594.76,active,2018-02-14
3156,E***,S***,e***@outlook.com,***-***-8942,1946-**-**,[MASKED ADDRESS],117804.28,inactive,2023-06-10
3157,E***,M***,e***@gmail.com,***-***-4861,1998-**-**,[MASKED ADDRESS],154558.60,suspended,2019-09-11
3158,D***,M***,,***-***-9357,1996-**-**,[MASKED ADDRESS],155222.97,active,2017-06-01
3159,E***,U***,e***@gmail.com,***-***-7432,1992-**-**,[MASKED ADDRESS],75350.93,inactive,2024-06-14
3160,G***,D***,g***@company.co.uk,***-***-2683,1968-**-**,[MASKED ADDRESS],189906.78,suspended,1990-01-01
3161,J***,W***,j***@gmail.com,***-***-7626,1983-**-**,[MASKED ADDRESS],106172.41,active,2018-02-09
3162,M***,H***,m***@gmail.com,***-***-7802,1965-**-**,[MASKED ADDRESS],101171.39,suspended,2016-07-17
3163,N***,D***,n***@outlook.com,***-***-3007,1984-**-**,[MASKED ADDRESS],107426.88,suspended,2018-03-11
3164,J***,D***,j***@company.co.uk,***-***-3166,1988-**-**,[MASKED ADDRESS],220598.07,suspended,2022-07-06
3165,A***,M***,a***@gmail.com,***-***-8765,1976-**-**,[MASKED ADDRESS],139848.74,inactive,2018-11-18
3166,A***,M***,a***@company.co.uk,***-***-7047,1978-**-**,[MASKED ADDRESS],,suspended,2017-08-28
3167,S***,T***,s***@yahoo.com,***-***-2190,1974-**-**,[MASKED ADDRESS],183791.66,active,2016-04-14
3168,J***,M***,j***@gmail.com,***-***-8199,1952-**-**,[MASKED ADDRESS],243833.42,inactive,2022-09-04
3169,D***,O***,d***@gmail.com,***-***-1086,1996-**-**,[MASKED ADDRESS],138227.44,suspended,2020-07-29
3170,L***,N***,l***@yahoo.com,***-***-7638,1952-**-**,[MASKED ADDRESS],185673.72,inactive,2024-02-14
3171,T***,H***,t***@outlook.com,***-***-9670,1955-**-**,[MASKED ADDRESS],186049.87,active,2015-06-25
3172,A***,v***,a***@gmail.com,***-***-0623,1946-**-**,[MASKED ADDRESS],22531.44,active,2022-07-04
3173,J***,[MISSING],j***@company.co.uk,***-***-0883,1958-**-**,[MASKED ADDRESS],134727.16,active,2017-11-16
3174,P***,M***,p***@yahoo.com,***-***-5799,1961-**-**,[MASKED ADDRESS],141444.54,inactive,2021-03-15
1245,O***,D***,o***@yahoo.com,***-***-5828,1972-**-**,[MASKED ADDRESS],43079.56,inactive,2021-03-15
3176,L***,d***,l***@gmail.com,***-***-5628,1982-**-**,[MASKED ADDRESS],192361.85,suspended,2017-05-13
3177,N***,T***,n***@yahoo.com,***-***-8656,1986-**-**,[MASKED ADDRESS],96065.76,active,2022-08-22
3178,S***,4***,s***@outlook.com,***-***-2834,1979-**-**,[MASKED ADDRESS],224349.83,inactive,2020-07-14
3179,M***,S***,m***@gmail.com,***-***-4376,1999-**-**,[MASKED ADDRESS],21255.67,active,2024-11-24
3.180E+00,J***,S***,j***@gmail.com,***-***-3456,1991-**-**,[MASKED ADDRESS],120041.38,active,2018-03-17
3181,P***,J***,p***@gmail.com,***-***-9301,1969-**-**,[MASKED ADDRESS],124238.46,active,2017-09-04
3182,D***,T***,d***@yahoo.com,***-***-5725,1964-**-**,[MASKED ADDRESS],112685.57,suspended,2023-03-18
3183,S***,N***,s***@gmail.com,***-***-1797,1998-**-**,[MASKED ADDRESS],71459.02,active,1994-02-08
3184,N***,M***,n***@yahoo.com,***-***-3425,1964-**-**,[MASKED ADDRESS],123527.63,inactive,2022-10-31
3185,O***,B***,o***@outlook.com,***-***-3526,1958-**-**,[MASKED ADDRESS],165904.30,active,2018-08-03
3186,S***,J***,s***@outlook.com,***-***-5382,2001-**-**,[MASKED ADDRESS],189368.79,inactive,2022-02-27
3187,D***,W***,d***@gmail.com,***-***-2899,1954-**-**,[MASKED ADDRESS],240424.75,active,2024-10-05
3188,A***,J***,a***@company.co.uk,***-***-3816,1943-**-**,[MASKED ADDRESS],232200.99,suspended,2015-01-02
3190,N***,T***,n***@yahoo.com,***-***-9484,2001-**-**,[MASKED ADDRESS],89532.49,suspended,2018-02-19
3191,J***,v***,j***@yahoo.com,***-***-3942,1957-**-**,[MASKED ADDRESS],72719.02,suspended,2024-08-10
3192,S***,A***,s***@mail.company.co.uk,***-***-3054,1954-**-**,[MASKED ADDRESS],162182.78,suspended,2021-03-31
3193,M***,M***,m***@gmail.com,***-***-0872,1984-**-**,[MASKED ADDRESS],76502.27,suspended,2018-01-19
3194,[MISSING],S***,u***@yahoo.com,***-***-2760,1964-**-**,[MASKED ADDRESS],207925.12,suspended,2016-03-22
3195,M***,D***,m***@outlook.com,***-***-6889,1968-**-**,[MASKED ADDRESS],176745.98,active,2019-06-15
3196,L***,J***,l***@gmail.com,***-***-1944,2002-**-**,[MASKED ADDRESS],103330.38,suspended,2022-02-14
3197,N***,D***,n***@gmail.com,***-***-9282,2005-**-**,[MASKED ADDRESS],114717.24,inactive,2023-11-15
3198,T***,d***,t***@outlook.com,***-***-7105,2002-**-**,[MASKED ADDRESS],206516.38,active,2017-10-13
3199,G***,T***,g***@mail.company.co.uk,***-***-7110,1984-**-**,[MASKED ADDRESS],227605.93,unknown,2023-06-21
3200,L***,W***,l***@gmail.com,***-***-7189,1992-**-**,[MASKED ADDRESS],51760.21,inactive,2023-06-07
3201,O***,J***,o***@gmail.com,***-***-9805,2005-**-**,[MASKED ADDRESS],34530.03,active,2018-04-17
3203,D***,U***,d***@gmail.com,***-***-9169,1945-**-**,[MASKED ADDRESS],29538.40,suspended,2020-03-20
3204,P***,d***,p***@gmail.com,***-***-9965,1999-**-**,[MASKED ADDRESS],108433.75,active,2019-04-26
3205,M***,A***,m***@mail.company.co.uk,***-***-5659,1969-**-**,[MASKED ADDRESS],32623.65,inactive,2021-03-15
3206,D***,T***,d***@outlook.com,***-***-0893,1966-**-**,[MASKED ADDRESS],148164.66,active,2020-03-03
3207,D***,M***,d***@yahoo.com,***-***-5606,1964-**-**,[MASKED ADDRESS],230583.29,suspended,2018-12-09
3208,M***,U***,m***@outlook.com,***-***-1610,1958-**-**,[MASKED ADDRESS],151969.42,inactive,2023-09-20
3209,M***,M***,m***@gmail.com,***-***-0281,1994-**-**,[MASKED ADDRESS],169821.58,inactive,2021-07-14
3210,N***,M***,n***@yahoo.com,***-***-1771,2006-**-**,[MASKED ADDRESS],41478.57,suspended,2018-01-03
3211,M***,D***,m***@company.co.uk,***-***-1398,1952-**-**,[MASKED ADDRESS],43874.45,inactive,2019-03-10
3212,N***,D***,n***@gmail.com,***-***-0459,1949-**-**,[MASKED ADDRESS],139986.78,active,2022-04-18
3213,N***,B***,n***@company.co.uk,***-***-4666,2002-**-**,[MASKED ADDRESS],47677.61,active,2017-03-30
3214,D***,W***,d***@outlook.com,***-***-7948,1988-**-**,[MASKED ADDRESS],119053.52,inactive,2015-01-15
3215,J***,T***,j***@yahoo.com,***-***-4392,1964-**-**,[MASKED ADDRESS],230980.29,suspended,2020-01-16
3216,P***,O***,p***@company.co.uk,***-***-2915,,[MASKED ADDRESS],210694.91,active,2024-09-16
3217,E***,T***,e***@gmail.com,,1978-**-**,[MASKED ADDRESS],215618.37,suspended,2016-12-01
3219,O***,D***,o***@yahoo.com,***-***-4106,1955-**-**,[MASKED ADDRESS],16043.51,inactive,2015-02-21
3220,S***,J***,s***@outlook.com,***-***-8294,1990-**-**,[MASKED ADDRESS],34801.88,suspended,2019-09-03
3221,J***,v***,j***@outlook.com,***-***-7242,1992-**-**,[MASKED ADDRESS],73304.47,inactive,2023-12-28
3222,A***,H***,a***@yahoo.com,***-***-2216,2001-**-**,[MASKED ADDRESS],248769.30,suspended,2022-09-26
3223,O***,d***,o***@company.co.uk,***-***-7197,1998-**-**,[MASKED ADDRESS],180619.51,active,2017-06-15
3224,S***,B***,s***@yahoo.com,***-***-1419,1987-**-**,[MASKED ADDRESS],167529.36,suspended,2019-03-18
3225,D***,B***,d***@outlook.com,***-***-1878,2005-**-**,[MASKED ADDRESS],106647.34,active,2015-12-28
3226,P***,S***,p***@gmail.com,***-***-6715,1954-**-**,[MASKED ADDRESS],231127.61,inactive,2020-10-05
3227,S***,M***,s***@outlook.com,***-***-1847,1961-**-**,[MASKED ADDRESS],140452.01,active,2018-03-07
-601,J***,W***,j***@gmail.com,***-***-3083,1957-**-**,[MASKED ADDRESS],230143.88,suspended,
-385,M***,T***,m***@gmail.com,***-***-6157,1941-**-**,[MASKED ADDRESS],132215.64,inactive,2022-12-29
3230,M***,H***,m***@gmail.com,***-***-7573,1949-**-**,[MASKED ADDRESS],220198.44,suspended,2017-09-03
3231,L***,S***,l***@gmail.com,***-***-4089,1955-**-**,[MASKED ADDRESS],167815.60,inactive,2016-02-08
3232,N***,T***,n***@company.co.uk,***-***-0318,1999-**-**,[MASKED ADDRESS],75306.41,suspended,2019-12-10
3233,S***,U***,s***@mail.company.co.uk,,1941-**-**,[MASKED ADDRESS],48998.30,inactive,2024-04-02
3234,D***,J***,d***@company.co.uk,***-***-4206,,[MASKED ADDRESS],110029.78,suspended,2016-06-20
3235,J***,M***,j***@company.co.uk,***-***-1686,1953-**-**,[MASKED ADDRESS],99159.39,active,2022-01-21
3236,T***,N***,t***@yahoo.com,***-***-3111,1963-**-**,[MASKED ADDRESS],62529.57,active,2015-08-24
3237,G***,U***,g***@company.co.uk,***-***-6098,1950-**-**,[MASKED ADDRESS],112458.85,suspended,2020-03-02
3238,M***,M***,m***@yahoo.com,***-***-9616,1972-**-**,[MASKED ADDRESS],183884.31,active,2019-11-13
3239,M***,S***,m***@gmail.com,***-***-8017,2000-**-**,[MASKED ADDRESS],241225.01,pending,2021-06-13
3240,A***,T***,a***@company.co.uk,***-***-6173,1958-**-**,[MASKED ADDRESS],86691.50,inactive,2016-05-15
3241,C***,d***,c***@gmail.com,***-***-4793,1951-**-**,[MASKED ADDRESS],66043.31,suspended,2022-10-12
3242,O***,D***,o***@gmail.com,***-***-2649,1940-**-**,[MASKED ADDRESS],75316.02,suspended,2016-04-22
3.243E+00,G***,W***,g***@x.com,***-***-0587,1969-**-**,[MASKED ADDRESS],109118.48,active,2024-06-10
3244,D***,D***,d***@gmail.com,,1959-**-**,[MASKED ADDRESS],185400.45,inactive,2019-06-22
3245,S***,M***,s***@company.co.uk,***-***-4840,1961-**-**,[MASKED ADDRESS],174574.45,suspended,2021-04-04
3246,D***,T***,d***@outlook.com,***-***-4949,1987-**-**,[MASKED ADDRESS],56624.11,inactive,2023-05-02
3247,N***,M***,n***@gmail.com,***-***-7220,1965-**-**,[MASKED ADDRESS],101225.91,suspended,2018-10-04
3248,D***,S***,d***@company.co.uk,***-***-0987,2000-**-**,[MASKED ADDRESS],26954.01,active,2021-03-15
3249,D***,W***,d***@gmail.com,,1995-**-**,,106933.65,active,2017-12-21
3250,M***,H***,m***@mail.company.co.uk,***-***-2902,1985-**-**,[MASKED ADDRESS],213781.69,suspended,2017-04-13
3251,P***,W***,p***@outlook.com,***-***-2049,1952-**-**,[MASKED ADDRESS],240515.45,active,2021-06-08
3252,J***,D***,j***@gmail.com,***-***-1131,1978-**-**,[MASKED ADDRESS],139666.97,active,2019-03-29
3253,J***,S***,j***@company.co.uk,***-***-4810,1976-**-**,[MASKED ADDRESS],100597.27,active,2018-10-16
3254,D***,T***,d***@company.co.uk,***-***-5378,1966-**-**,[MASKED ADDRESS],160597.08,inactive,2023-06-18
3255,S***,M***,s***@gmail.com,***-***-0013,1993-**-**,[MASKED ADDRESS],27638.76,suspended,2023-10-07
3256,M***,O***,m***@gmail.com,,1975-**-**,[MASKED ADDRESS],22517.41,active,2019-10-08
3257,S***,M***,s***@x.com,***-***-2282,1944-**-**,[MASKED ADDRESS],16094.94,suspended,2017-07-17
3258,N***,W***,n***@outlook.com,***-***-9790,1963-**-**,[MASKED ADDRESS],87215.16,unknown,2024-08-21
3259,L***,v***,l***@gmail.com,***-***-9646,1952-**-**,[MASKED ADDRESS],,inactive,2022-09-25
3260,[MISSING],v***,u***@gmail.com,***-***-9444,1984-**-**,[MASKED ADDRESS],116854.89,inactive,2019-07-30
3261,L***,H***,l***@company.co.uk,***-***-1860,1976-**-**,[MASKED ADDRESS],137706.11,suspended,2021-03-15
3263,C***,v***,c***@gmail.com,***-***-8202,2006-**-**,[MASKED ADDRESS],17056.02,suspended,2021-03-15
3264,S***,W***,s***@outlook.com,***-***-7566,1955-**-**,[MASKED ADDRESS],45924.77,inactive,2016-12-14
3265,G***,N***,g***@mail.company.co.uk,***-***-4957,1964-**-**,[MASKED ADDRESS],148850.60,suspended,2020-10-04
3266,O***,D***,o***@yahoo.com,***-***-2160,1989-**-**,[MASKED ADDRESS],204792.61,active,2020-02-10
3267,J***,M***,j***@company.co.uk,***-***-2116,1986-**-**,[MASKED ADDRESS],164898.06,suspended,2018-01-03
3268,D***,[MISSING],d***@gmail.com,***-***-6532,1958-**-**,[MASKED ADDRESS],131298.02,inactive,2015-10-20
3269,J***,O***,j***@gmail.com,***-***-9746,2000-**-**,[MASKED ADDRESS],85757.62,inactive,2021-07-18
3270,M***,N***,m***@gmail.com,***-***-5210,2001-**-**,[MASKED ADDRESS],45838.26,suspended,2017-12-17
3271,D***,M***,d***@mail.company.co.uk,***-***-7412,1959-**-**,[MASKED ADDRESS],213953.36,active,2024-12-18
3272,J***,O***,j***@company.co.uk,***-***-6255,1972-**-**,[MASKED ADDRESS],187708.93,active,2018-09-23
3273,J***,v***,j***@outlook.com,***-***-7156,1965-**-**,[MASKED ADDRESS],188513.09,active,2015-06-29
3274,D***,J***,d***@outlook.com,***-***-2176,1969-**-**,[MASKED ADDRESS],185823.70,active,2020-01-02
3275,N***,A***,n***@gmail.com,***-***-4975,1963-**-**,[MASKED ADDRESS],162553.04,suspended,2015-08-03
3276,A***,v***,a***@mail.company.co.uk,***-***-3512,1950-**-**,[MASKED ADDRESS],205102.26,active,2024-06-03
3277,J***,J***,j***@yahoo.com,***-***-2474,1991-**-**,[MASKED ADDRESS],100770.31,suspended,2016-07-19
3278,D***,M***,d***@mail.company.co.uk,***-***-9421,1975-**-**,[MASKED ADDRESS],115784.12,inactive,2015-06-15
3279,N***,v***,n***@company.co.uk,***-***-8811,1963-**-**,[MASKED ADDRESS],95616.36,inactive,2016-12-18
3280,G***,[MISSING],g***@company.co.uk,***-***-2874,1941-**-**,[MASKED ADDRESS],176502.80,active,2023-03-08
3281,D***,B***,d***@gmail.com,***-***-3831,1977-**-**,[MASKED ADDRESS],149380.49,inactive,2018-05-18
3282,C***,D***,c***@gmail.com,***-***-4252,1987-**-**,[MASKED ADDRESS],109129.28,active,2023-07-24
3283,N***,T***,n***@mail.company.co.uk,***-***-1399,,[MASKED ADDRESS],51772.35,inactive,2015-10-17
3284,J***,M***,j***@gmail.com,***-***-2459,1963-**-**,[MASKED ADDRESS],229362.84,inactive,2021-03-15
3285,A***,D***,a***@mail.company.co.uk,,1974-**-**,[MASKED ADDRESS],43342.76,suspended,2024-09-27
3286,M***,D***,m***@mail.company.co.uk,***-***-8483,1984-**-**,[MASKED ADDRESS],34377.70,inactive,2023-12-13
3287,N***,H***,n***@gmail.com,***-***-2792,2006-**-**,[MASKED ADDRESS],82711.19,suspended,2021-01-25
3288,C***,[MISSING],p***@gmail.com,***-***-0762,1946-**-**,[MASKED ADDRESS],113443.42,suspended,1990-01-01
3289,O***,J***,o***@company.co.uk,***-***-6813,2001-**-**,[MASKED ADDRESS],188025.94,suspended,2016-02-13
3290,M***,S***,m***@company.co.uk,***-***-1493,2030-**-**,[MASKED ADDRESS],178092.30,active,2020-03-06
3291,L***,d***,l***@outlook.com,***-***-5257,1955-**-**,[MASKED ADDRESS],54654.39,inactive,2021-05-24
3293,A***,[MISSING],a***@gmail.com,***-***-2231,2004-**-**,[MASKED ADDRESS],171942.05,inactive,2021-09-03
3294,S***,S***,s***@outlook.com,***-***-4444,1951-**-**,[MASKED ADDRESS],70013.59,active,2020-06-20
3295,M***,W***,m***@gmail.com,***-***-0545,1999-**-**,[MASKED ADDRESS],157464.50,active,2021-03-15
3296,N***,T***,n***@gmail.com,***-***-9693,1949-**-**,[MASKED ADDRESS],129289.80,suspended,2017-03-07
3297,J***,N***,j***@company.co.uk,***-***-6629,1949-**-**,[MASKED ADDRESS],200937.47,suspended,2020-09-15
3298,L***,M***,l***@company.co.uk,***-***-5601,1989-**-**,[MASKED ADDRESS],183985.57,inactive,2018-06-16
3299,C***,D***,c***@mail.company.co.uk,***-***-6272,1975-**-**,[MASKED ADDRESS],204826.02,active,2017-11-09
3300,T***,T***,t***@gmail.com,***-***-5063,1958-**-**,[MASKED ADDRESS],137367.83,active,2015-12-31
3301,D***,A***,d***@yahoo.com,***-***-0130,1975-**-**,[MASKED ADDRESS],-5969.00,suspended,2015-01-01
3302,T***,W***,,***-***-6652,1967-**-**,[MASKED ADDRESS],178273.89,unknown,2023-03-19
3303,E***,W***,e***@gmail.com,***-***-3322,1992-**-**,[MASKED ADDRESS],190148.02,inactive,2016-07-12
3304,D***,B***,d***@gmail.com,***-***-7184,1966-**-**,[MASKED ADDRESS],42514.55,active,2023-07-07
3305,D***,M***,d***@yahoo.com,***-***-2835,1983-**-**,[MASKED ADDRESS],80846.29,inactive,2020-12-03
3306,D***,D***,d***@yahoo.com,***-***-2610,1966-**-**,[MASKED ADDRESS],246077.99,active,2022-07-10
3307,P***,v***,p***@outlook.com,***-***-5985,1940-**-**,[MASKED ADDRESS],94133.04,inactive,2019-01-17
3308,S***,D***,s***@yahoo.com,***-***-8263,,[MASKED ADDRESS],45883.83,active,2015-01-26
3309,D***,J***,d***@outlook.com,***-***-5425,2003-**-**,[MASKED ADDRESS],204601.63,active,2015-03-14
3310,J***,D***,j***@company.co.uk,***-***-0150,1962-**-**,[MASKED ADDRESS],247924.73,active,2022-02-04
3311,C***,J***,c***@company.co.uk,***-***-8537,1940-**-**,[MASKED ADDRESS],100056.74,active,2023-03-09
3312,D***,U***,d***@yahoo.com,***-***-3411,1958-**-**,[MASKED ADDRESS],128445.32,active,2015-08-19
3313,A***,W***,a***@gmail.com,***-***-0714,1950-**-**,[MASKED ADDRESS],25158.51,suspended,2024-01-01
3314,M***,S***,m***@gmail.com,***-***-4779,1975-**-**,[MASKED ADDRESS],118363.51,inactive,2022-10-10
3315,A***,D***,a***@outlook.com,***-***-2399,1951-**-**,[MASKED ADDRESS],55675.42,active,2024-12-29
3316,S***,d***,s***@outlook.com,***-***-3643,1980-**-**,[MASKED ADDRESS],72665.28,active,2023-06-18
3317,J***,J***,j***@yahoo.com,***-***-7073,2004-**-**,[MASKED ADDRESS],85505.51,inactive,2021-12-22
3318,D***,v***,d***@yahoo.com,***-***-5254,1949-**-**,[MASKED ADDRESS],161654.49,active,2015-11-18
3.319E+00,S***,B***,s***@gmail.com,***-***-9925,1949-**-**,[MASKED ADDRESS],210959.64,active,2023-03-06
3320,D***,J***,d***@outlook.com,***-***-6132,1946-**-**,[MASKED ADDRESS],93419.22,inactive,2023-10-30
3321,M***,A***,m***@gmail.com,***-***-2836,,[MASKED ADDRESS],210469.82,active,2015-05-27
3322,A***,v***,a***@outlook.com,***-***-3348,1947-**-**,[MASKED ADDRESS],206058.01,suspended,2023-07-18
3323,J***,v***,j***@yahoo.com,***-***-4930,1972-**-**,[MASKED ADDRESS],,suspended,2017-03-01
3324,S***,S***,s***@gmail.com,***-***-7910,1989-**-**,[MASKED ADDRESS],59521.49,inactive,2017-08-16
3325,D***,[MISSING],d***@company.co.uk,***-***-5680,1986-**-**,[MASKED ADDRESS],128614.69,active,2021-03-19
3326,T***,D***,t***@yahoo.com,***-***-4648,1964-**-**,[MASKED ADDRESS],30354.62,suspended,2021-03-15
3327,D***,M***,d***@outlook.com,***-***-5666,1956-**-**,[MASKED ADDRESS],122220.74,suspended,2021-12-09
3328,D***,W***,d***@yahoo.com,***-***-7328,1963-**-**,[MASKED ADDRESS],41010.63,active,2024-11-20
3329,J***,D***,j***@mail.company.co.uk,,1959-**-**,[MASKED ADDRESS],127465.41,inactive,2023-08-13
3330,J***,D***,j***@company.co.uk,***-***-6186,1965-**-**,[MASKED ADDRESS],86486.13,suspended,2022-10-16
3331,S***,A***,s***@outlook.com,***-***-6387,1957-**-**,[MASKED ADDRESS],142751.99,active,2019-09-12
3332,A***,N***,a***@gmail.com,***-***-6211,1966-**-**,[MASKED ADDRESS],171714.32,suspended,2017-12-03
3333,T***,T***,t***@mail.company.co.uk,***-***-4481,1941-**-**,[MASKED ADDRESS],100938.83,suspended,2018-05-21
3334,C***,O***,c***@gmail.com,***-***-4904,1943-**-**,[MASKED ADDRESS],116695.13,suspended,2022-08-31
3335,A***,A***,a***@company.co.uk,***-***-3353,1953-**-**,[MASKED ADDRESS],239587.27,suspended,2016-10-15
3336,G***,W***,g***@company.co.uk,***-***-4318,1980-**-**,[MASKED ADDRESS],35365.10,suspended,2024-05-21
3337,D***,d***,d***@gmail.com,***-***-0931,1970-**-**,[MASKED ADDRESS],78888.60,suspended,2023-07-18
3338,O***,T***,o***@mail.company.co.uk,***-***-6397,1951-**-**,[MASKED ADDRESS],211148.08,inactive,2024-06-29
3339,D***,S***,d***@yahoo.com,***-***-3666,1989-**-**,[MASKED ADDRESS],,active,2019-01-09
3340,M***,D***,m***@yahoo.com,***-***-8388,1989-**-**,[MASKED ADDRESS],150864.06,inactive,2017-05-22
3341,N***,N***,n***@gmail.com,***-***-6527,1999-**-**,[MASKED ADDRESS],70897.18,active,2022-03-19
3342,N***,D***,n***@outlook.com,***-***-1460,1986-**-**,[MASKED ADDRESS],213439.83,suspended,2020-07-30
3343,M***,J***,m***@company.co.uk,***-***-6149,1965-**-**,[MASKED ADDRESS],114338.36,inactive,2023-10-21
3344,G***,A***,g***@yahoo.com,***-***-5159,1994-**-**,[MASKED ADDRESS],232481.84,inactive,2022-02-03
3345,D***,A***,d***@gmail.com,***-***-7363,1940-**-**,[MASKED ADDRESS],221873.00,inactive,2022-09-28
3346,T***,T***,t***@yahoo.com,***-***-3436,2003-**-**,[MASKED ADDRESS],64538.88,inactive,2017-01-19
3347,O***,v***,o***@gmail.com,***-***-9221,2006-**-**,[MASKED ADDRESS],210875.86,suspended,2020-07-17
3348,S***,W***,s***@yahoo.com,***-***-3839,1941-**-**,[MASKED ADDRESS],90635.35,inactive,2021-10-01
3349,M***,d***,m***@company.co.uk,***-***-3924,1953-**-**,[MASKED ADDRESS],182850.52,active,2024-04-25
3350,L***,W***,l***@outlook.com,***-***-8174,1946-**-**,[MASKED ADDRESS],40306.75,unknown,2021-11-01
3351,D***,v***,d***@gmail.com,***-***-8267,1970-**-**,[MASKED ADDRESS],24110.10,suspended,2022-09-20
3352,[MISSING],D***,n***@company.co.uk,***-***-8500,1943-**-**,,62810.98,inactive,2018-10-21
3353,P***,A***,p***@outlook.com,***-***-8182,1951-**-**,[MASKED ADDRESS],31101.40,active,2017-09-10
3354,M***,M***,m***@mail.company.co.uk,***-***-2499,1966-**-**,[MASKED ADDRESS],194206.57,suspended,2021-03-15
3355,L***,O***,l***@mail.company.co.uk,***-***-7174,1990-**-**,[MASKED ADDRESS],201376.97,active,2016-01-18
3356,M***,S***,m***@mail.company.co.uk,***-***-3466,1998-**-**,[MASKED ADDRESS],90196.22,suspended,1994-02-08
3357,J***,T***,j***@gmail.com,***-***-9615,1999-**-**,[MASKED ADDRESS],127651.47,suspended,2021-04-08
3358,D***,M***,d***@outlook.com,***-***-3146,1998-**-**,[MASKED ADDRESS],21602.55,active,2016-07-24
3359,J***,D***,j***@outlook.com,***-***-8696,1985-**-**,[MASKED ADDRESS],212217.75,suspended,2016-04-04
3360,M***,A***,m***@company.co.uk,***-***-4834,1957-**-**,[MASKED ADDRESS],212977.27,suspended,2020-08-13
3361,S***,S***,s***@yahoo.com,***-***-0547,1993-**-**,[MASKED ADDRESS],70978.91,suspended,2022-10-26
3362,S***,O***,s***@gmail.com,***-***-8706,2003-**-**,[MASKED ADDRESS],58278.82,inactive,2015-11-08
3363,O***,H***,o***@gmail.com,***-***-7428,1985-**-**,[MASKED ADDRESS],203369.62,suspended,
3364,L***,A***,l***@company.co.uk,***-***-5888,1961-**-**,[MASKED ADDRESS],246317.89,inactive,2017-01-27
AB-4232,J***,J***,j***@gmail.com,***-***-3735,1997-**-**,,139672.07,suspended,2022-11-20
3366,D***,J***,d***@gmail.com,***-***-7107,1949-**-**,[MASKED ADDRESS],224499.39,inactive,2022-04-16
3367,D***,d***,d***@yahoo.com,***-***-5667,1947-**-**,[MASKED ADDRESS],59354.27,active,2017-10-21
3368,S***,O***,s***@company.co.uk,***-***-3612,1984-**-**,[MASKED ADDRESS],19956.83,active,2023-11-14
3369,[MISSING],B***,,***-***-7670,1979-**-**,[MASKED ADDRESS],82664.42,inactive,2017-12-04
3370,J***,J***,j***@yahoo.com,***-***-1596,1947-**-**,[MASKED ADDRESS],21778.70,active,2016-05-14
3371,C***,O***,c***@company.co.uk,***-***-8896,1944-**-**,[MASKED ADDRESS],29228.54,active,2016-07-29
3372,J***,J***,j***@yahoo.com,***-***-2711,2005-**-**,[MASKED ADDRESS],20608.43,suspended,2017-11-02
3373,E***,M***,e***@gmail.com,***-***-4588,1948-**-**,[MASKED ADDRESS],222636.73,inactive,2017-06-06
3374,G***,M***,g***@outlook.com,***-***-6401,1996-**-**,[MASKED ADDRESS],248719.94,inactive,2021-05-01
3375,D***,W***,d***@outlook.com,***-***-1721,1949-**-**,[MASKED ADDRESS],102687.57,suspended,2021-10-10
3376,J***,W***,j***@yahoo.com,***-***-6123,1960-**-**,[MASKED ADDRESS],167482.77,inactive,2024-01-14
3377,N***,U***,n***@gmail.com,***-***-5239,1984-**-**,[MASKED ADDRESS],237223.18,active,2018-05-05
1780,M***,T***,m***@yahoo.com,***-***-6408,1993-**-**,[MASKED ADDRESS],189338.94,suspended,2016-06-30
3379,M***,O***,m***@mail.company.co.uk,***-***-1007,1978-**-**,[MASKED ADDRESS],43280.32,inactive,2020-01-09
3380,M***,M***,m***@outlook.com,***-***-6345,1980-**-**,[MASKED ADDRESS],111207.28,inactive,2015-06-08
3381,E***,W***,e***@gmail.com,***-***-3351,1972-**-**,[MASKED ADDRESS],192152.65,active,2024-08-26
3382,G***,B***,g***@company.co.uk,***-***-6748,1940-**-**,[MASKED ADDRESS],248691.63,active,2019-08-13
3383,O***,O***,o***@yahoo.com,***-***-3806,1978-**-**,[MASKED ADDRESS],217945.77,active,2015-03-17
3384,[MISSING],S***,s***@mail.company.co.uk,***-***-8200,1948-**-**,,165907.84,inactive,2022-03-11
3385,N***,B***,n***@company.co.uk,***-***-4275,,[MASKED ADDRESS],84133.02,active,2019-08-20
2879,S***,U***,s***@company.co.uk,***-***-0859,1959-**-**,[MASKED ADDRESS],242716.39,active,2017-02-05
3387,M***,T***,m***@mail.company.co.uk,***-***-7278,1968-**-**,[MASKED ADDRESS],85491.93,suspended,2018-01-02
3388,C***,v***,c***@mail.company.co.uk,***-***-9899,1946-**-**,[MASKED ADDRESS],71116087.00,suspended,2019-07-04
3.389E+00,J***,S***,j***@company.co.uk,***-***-8382,1962-**-**,[MASKED ADDRESS],76082.35,suspended,2022-02-07
3390,J***,T***,j***@gmail.com,***-***-3099,1976-**-**,[MASKED ADDRESS],106528.19,suspended,2019-09-24
3391,C***,M***,c***@company.co.uk,***-***-0972,1999-**-**,[MASKED ADDRESS],70538.02,suspended,2020-12-04
3392,J***,v***,n***@gmail.com,***-***-8964,1990-**-**,[MASKED ADDRESS],37599.01,suspended,2019-10-03
3393,N***,N***,n***@gmail.com,***-***-7546,1983-**-**,[MASKED ADDRESS],93226.89,suspended,2021-12-28
3394,P***,v***,p***@yahoo.com,***-***-8087,,[MASKED ADDRESS],228311.86,inactive,2022-03-27
3395,D***,S***,d***@gmail.com,***-***-9037,1972-**-**,[MASKED ADDRESS],159640.76,active,2015-09-18
3396,A***,T***,a***@yahoo.com,***-***-4101,1977-**-**,[MASKED ADDRESS],151581.15,active,2020-04-24
3397,S***,J***,s***@yahoo.com,***-***-5442,1986-**-**,[MASKED ADDRESS],147765.98,inactive,2017-07-19
3398,D***,S***,d***@gmail.com,***-***-9035,1991-**-**,[MASKED ADDRESS],67757.32,active,2018-08-11
3399,M***,S***,m***@yahoo.com,***-***-7495,1964-**-**,[MASKED ADDRESS],49285.51,inactive,2020-08-06
3400,N***,J***,n***@company.co.uk,***-***-4848,1979-**-**,[MASKED ADDRESS],234592.53,inactive,2023-10-18
3401,S***,T***,s***@gmail.com,***-***-9069,1995-**-**,[MASKED ADDRESS],163494.19,suspended,2018-01-11
3402,D***,M***,d***@outlook.com,***-***-5823,1968-**-**,[MASKED ADDRESS],151188.30,suspended,2021-10-18
3403,D***,A***,d***@company.co.uk,***-***-0572,1972-**-**,[MASKED ADDRESS],160112.25,active,2020-07-28
3404,N***,N***,n***@gmail.com,***-***-3387,1974-**-**,[MASKED ADDRESS],47127.09,inactive,2023-09-23
3405,L***,B***,l***@mail.company.co.uk,***-***-5857,1990-**-**,[MASKED ADDRESS],79687.87,active,2016-04-04
3406,C***,T***,c***@outlook.com,***-***-6678,1941-**-**,[MASKED ADDRESS],224155.57,suspended,2020-06-28
3407,D***,B***,d***@company.co.uk,***-***-8084,1985-**-**,[MASKED ADDRESS],32700.22,inactive,2022-03-06
3408,D***,W***,d***@gmail.com,***-***-9831,1954-**-**,[MASKED ADDRESS],108854.51,suspended,2017-04-04
3409,D***,[MISSING],d***@outlook.com,,1982-**-**,[MASKED ADDRESS],241357.00,suspended,2022-10-27
3410,D***,U***,d***@gmail.com,***-***-6358,1969-**-**,[MASKED ADDRESS],161694.31,inactive,2023-02-07
3411,L***,M***,l***@company.co.uk,***-***-2698,1998-**-**,[MASKED ADDRESS],109681.59,inactive,2019-01-04
3412,D***,T***,d***@gmail.com,***-***-5874,1955-**-**,[MASKED ADDRESS],137748.86,active,2021-04-14
3413,d***,N***,n***@gmail.com,***-***-4871,1949-**-**,[MASKED ADDRESS],27879.08,inactive,2021-03-15
3144,D***,D***,d***@yahoo.com,***-***-0348,1992-**-**,[MASKED ADDRESS],39438.25,suspended,2022-01-22
3415,J***,W***,j***@company.co.uk,***-***-1736,2006-**-**,[MASKED ADDRESS],218658.81,inactive,2021-09-24
3416,M***,A***,m***@x.com; m***@y.com,***-***-7505,1948-**-**,[MASKED ADDRESS],200926.92,suspended,2020-11-02
3417,E***,W***,e***@company.co.uk,***-***-8773,1968-**-**,[MASKED ADDRESS],133046.42,suspended,2021-03-15
3418,J***,v***,j***@gmail.com,***-***-3922,1951-**-**,[MASKED ADDRESS],63978.78,suspended,2021-03-15
3419,C***,M***,c***@yahoo.com,***-***-5888,1990-**-**,[MASKED ADDRESS],24188.67,inactive,2023-05-17
3420,N***,S***,n***@outlook.com,***-***-3459,1998-**-**,[MASKED ADDRESS],28179.22,inactive,2019-05-19
3421,J***,O***,j***@yahoo.com,***-***-8288,1971-**-**,[MASKED ADDRESS],231564.34,suspended,2022-11-01
3422,M***,W***,m***@mail.company.co.uk,***-***-5007,1957-**-**,[MASKED ADDRESS],236515.90,suspended,2024-02-10
3423,M***,T***,m***@gmail.com,***-***-6273,1945-**-**,[MASKED ADDRESS],243398.21,suspended,2021-12-25
3424,A***,M***,a***@gmail.com,***-***-2192,1984-**-**,[MASKED ADDRESS],204247.71,inactive,2022-04-26
3425,N***,W***,n***@gmail.com,***-***-9133,1986-**-**,[MASKED ADDRESS],237619.50,suspended,2021-03-15
3426,C***,D***,c***@company.co.uk,***-***-5632,1947-**-**,[MASKED ADDRESS],109635.89,active,2022-01-31
3427,O***,v***,o***@company.co.uk,***-***-8184,1947-**-**,[MASKED ADDRESS],246594.67,suspended,2023-08-29
3428,M***,T***,m***@gmail.com,***-***-0816,1943-**-**,[MASKED ADDRESS],232015.05,inactive,2020-08-27
3429,G***,M***,g***@company.co.uk,***-***-8464,1957-**-**,[MASKED ADDRESS],145738.33,active,2016-05-08
3430,M***,A***,m***@gmail.com,***-***-8896,2000-**-**,[MASKED ADDRESS],21405.06,inactive,2022-10-18
3431,E***,W***,e***@outlook.com,***-***-6554,1970-**-**,[MASKED ADDRESS],105443.63,suspended,2020-05-13
3432,S***,D***,s***@gmail.com,***-***-0020,2005-**-**,[MASKED ADDRESS],185242.27,inactive,2015-04-23
3433,N***,M***,n***@mail.company.co.uk,***-***-2405,1963-**-**,[MASKED ADDRESS],15530.95,suspended,2019-07-23
3434,S***,H***,s***@yahoo.com,***-***-0631,1945-**-**,[MASKED ADDRESS],20756.07,inactive,2021-10-02
3435,D***,N***,d***@company.co.uk,***-***-9150,2002-**-**,[MASKED ADDRESS],202574.81,inactive,2019-03-23
3436,O***,W***,o***@yahoo.com,,2000-**-**,[MASKED ADDRESS],203689.25,suspended,2021-03-28
3437,J***,T***,j***@gmail.com,***-***-1012,1964-**-**,[MASKED ADDRESS],156229.92,unknown,2023-09-29
3438,N***,J***,n***@yahoo.com,***-***-7184,1971-**-**,[MASKED ADDRESS],232108.04,suspended,2024-06-28
3439,S***,v***,s***@yahoo.com,***-***-2918,1964-**-**,[MASKED ADDRESS],149807.32,active,2024-10-26
3440,P***,U***,p***@yahoo.com,***-***-9633,1959-**-**,[MASKED ADDRESS],29244.65,suspended,2020-11-29
3441,S***,D***,,***-***-5572,1986-**-**,[MASKED ADDRESS],223843.77,inactive,2023-05-17
3442,S***,T***,s***@yahoo.com,***-***-9425,1940-**-**,[MASKED ADDRESS],167615.42,active,2019-11-01
3443,M***,M***,m***@yahoo.com,***-***-0620,1977-**-**,[MASKED ADDRESS],199454.82,active,2017-07-16
3444,G***,T***,g***@mail.company.co.uk,***-***-8456,1960-**-**,[MASKED ADDRESS],137078.24,suspended,2020-03-04
3445,J***,M***,j***@gmail.com,***-***-7932,2006-**-**,[MASKED ADDRESS],157485.43,inactive,2017-10-04
3446,O***,W***,o***@mail.company.co.uk,***-***-7545,1963-**-**,[MASKED ADDRESS],63217.28,active,2021-03-29
3447,C***,S***,c***@gmail.com,***-***-2165,1969-**-**,[MASKED ADDRESS],146391.89,active,2018-10-19
3448,J***,N***,j***@company.co.uk,***-***-6038,1964-**-**,[MASKED ADDRESS],201378.55,suspended,2021-03-15
3449,A***,W***,a***@gmail.com,***-***-1200,1995-**-**,[MASKED ADDRESS],155831.86,suspended,2017-09-04
3451,D***,v***,d***@mail.company.co.uk,***-***-9870,2004-**-**,[MASKED ADDRESS],234251.76,inactive,2017-03-15
3452,T***,J***,t***@company.co.uk,***-***-8139,1982-**-**,[MASKED ADDRESS],216194.64,suspended,2016-08-03
3453,N***,H***,n***@outlook.com,***-***-9815,1954-**-**,[MASKED ADDRESS],189176.80,unknown,2020-10-21
3454,A***,W***,a***@yahoo.com,***-***-0493,1998-**-**,[MASKED ADDRESS],185827.65,active,2018-12-20
3455,C***,M***,c***@gmail.com,***-***-8930,1946-**-**,[MASKED ADDRESS],93167.39,inactive,2015-11-05
3456,A***,M***,a***@gmail.com,***-***-8665,1981-**-**,[MASKED ADDRESS],110504.55,active,2017-07-31
3457,J***,M***,j***@gmail.com,***-***-2192,1949-**-**,[MASKED ADDRESS],19764.90,2,2015-12-25
3458,D***,J***,d***@mail.company.co.uk,***-***-9678,1991-**-**,[MASKED ADDRESS],166147.18,inactive,2016-09-29
3459,D***,M***,d***@gmail.com,***-***-4463,1974-**-**,[MASKED ADDRESS],190045.59,active,2022-02-07
3460,M***,S***,m***@yahoo.com,***-***-7997,1985-**-**,[MASKED ADDRESS],113137.04,active,2022-01-31
3461,D***,W***,d***@outlook.com,***-***-3922,1971-**-**,[MASKED ADDRESS],85623.04,inactive,2015-08-19
3462,M***,[MISSING],m***@company.co.uk,***-***-9091,1949-**-**,[MASKED ADDRESS],249370.32,inactive,2021-03-11
3463,P***,d***,p***@mail.company.co.uk,***-***-7019,1945-**-**,[MASKED ADDRESS],46373.35,inactive,2015-04-15
3464,P***,B***,p***@yahoo.com,***-***-4924,1955-**-**,[MASKED ADDRESS],143674.48,inactive,2020-04-28
3465,G***,D***,g***@company.co.uk,***-***-3472,1946-**-**,[MASKED ADDRESS],189858.59,inactive,2016-10-29
3466,G***,T***,g***@outlook.com,***-***-4776,1944-**-**,[MASKED ADDRESS],142033.68,inactive,2019-10-12
3467,A***,D***,a***@gmail.com,***-***-9486,1984-**-**,[MASKED ADDRESS],,active,2020-11-02
3468,J***,M***,j***@outlook.com,***-***-4165,2005-**-**,[MASKED ADDRESS],37976.09,inactive,2015-05-04
3469,P***,J***,p***@outlook.com,***-***-7009,1974-**-**,[MASKED ADDRESS],96269.27,banned,2018-03-24
3470,D***,v***,d***@gmail.com,***-***-9886,1973-**-**,[MASKED ADDRESS],150122.98,inactive,2017-02-25
3471,G***,d***,g***@yahoo.com,***-***-1219,1989-**-**,[MASKED ADDRESS],-15619.00,suspended,2021-04-08
3472,S***,U***,s***@gmail.com,***-***-6317,1985-**-**,[MASKED ADDRESS],155391.07,suspended,2017-01-06
3473,O***,B***,o***@outlook.com,***-***-4577,1995-**-**,[MASKED ADDRESS],73312.55,active,2021-03-15
3474,J***,T***,j***@outlook.com,***-***-2503,1943-**-**,,184319.95,suspended,2024-09-01
3475,J***,J***,j***@outlook.com,***-***-8911,2003-**-**,[MASKED ADDRESS],47559.30,inactive,2023-07-19
3476,D***,W***,d***@gmail.com,***-***-6439,1995-**-**,[MASKED ADDRESS],236831.55,inactive,2018-10-19
3478,D***,U***,d***@mail.company.co.uk,***-***-9538,1982-**-**,[MASKED ADDRESS],132798.71,inactive,2016-12-19
3479,D***,d***,d***@mail.company.co.uk,***-***-9229,2000-**-**,[MASKED ADDRESS],243734.70,suspended,2022-01-18
3480,D***,D***,d***@yahoo.com,***-***-1418,1997-**-**,[MASKED ADDRESS],224622.37,suspended,2017-06-27
3481,P***,v***,p***@company.co.uk,***-***-3790,1967-**-**,[MASKED ADDRESS],116879.95,active,
3482,E***,N***,e***@mail.company.co.uk,***-***-2686,2005-**-**,[MASKED ADDRESS],69566.30,inactive,2017-10-06
3483,E***,T***,e***@outlook.com,***-***-7694,1999-**-**,[MASKED ADDRESS],59184.93,inactive,2017-01-09
3484,L***,T***,l***@gmail.com,***-***-3797,,[MASKED ADDRESS],240226.03,suspended,2021-03-15
3485,S***,W***,s***@company.co.uk,***-***-3550,1950-**-**,[MASKED ADDRESS],55784.60,suspended,2023-12-01
3486,D***,v***,d***@gmail.com,***-***-1613,1941-**-**,[MASKED ADDRESS],187888.92,suspended,2018-01-24
3487,L***,U***,l***@gmail.com,***-***-9683,1993-**-**,[MASKED ADDRESS],20178.68,suspended,2023-04-24
3488,P***,B***,p***@gmail.com,***-***-0804,1987-**-**,[MASKED ADDRESS],20433.28,inactive,2020-10-14
3489,J***,T***,j***@gmail.com,***-***-8424,1990-**-**,[MASKED ADDRESS],246281.05,active,2015-08-16
3490,P***,U***,p***@company.co.uk,***-***-9360,1942-**-**,[MASKED ADDRESS],61147.85,suspended,2021-12-08
3491,G***,d***,g***@gmail.com,***-***-5695,1953-**-**,[MASKED ADDRESS],234536.26,active,2023-03-12
3492,J***,v***,j***@yahoo.com,***-***-9228,1953-**-**,[MASKED ADDRESS],16302.70,inactive,2021-03-15
3493,D***,J***,d***@gmail.com,***-***-5960,1984-**-**,[MASKED ADDRESS],75024.55,suspended,2020-09-06
3494,J***,O***,j***@gmail.com,***-***-9485,1983-**-**,[MASKED ADDRESS],152319.65,active,2021-11-27
3495,J***,D***,j***@mail.company.co.uk,***-***-9216,,[MASKED ADDRESS],224946.79,active,2018-03-07
3496,O***,D***,o***@company.co.uk,***-***-0577,2005-**-**,[MASKED ADDRESS],65582.13,suspended,2021-02-10
3497,D***,A***,d***@gmail.com,***-***-5032,1989-**-**,[MASKED ADDRESS],240587.17,suspended,2023-11-09
3498,P***,D***,p***@mail.company.co.uk,,1964-**-**,[MASKED ADDRESS],142893.64,inactive,2019-07-27
3499,D***,S***,d***@gmail.com,***-***-4431,1950-**-**,[MASKED ADDRESS],38788.21,inactive,2023-01-29
3500,M***,T***,m***@yahoo.com,***-***-5111,1943-**-**,[MASKED ADDRESS],227238.51,suspended,2021-03-15
3501,A***,v***,a***@company.co.uk,***-***-7502,1952-**-**,[MASKED ADDRESS],87543.81,active,2018-02-27
3502,J***,d***,j***@company.co.uk,***-***-1212,1948-**-**,[MASKED ADDRESS],208012.57,unknown,2017-02-24
3503,M***,D***,m***@outlook.com,***-***-6817,1966-**-**,[MASKED ADDRESS],202617.16,inactive,2018-04-06
3504,M***,M***,m***@outlook.com,***-***-5959,1976-**-**,[MASKED ADDRESS],47772.96,inactive,2018-12-20
3505,D***,M***,d***@gmail.com,***-***-6857,1999-**-**,[MASKED ADDRESS],66639.07,active,2021-07-20
3506,P***,W***,p***@yahoo.com,***-***-5785,1952-**-**,[MASKED ADDRESS],18835.72,active,2021-12-18
3507,S***,O***,s***@outlook.com,***-***-9754,1988-**-**,[MASKED ADDRESS],22793.86,suspended,2017-11-12
3508,J***,v***,j***@mail.company.co.uk,***-***-1839,1978-**-**,[MASKED ADDRESS],207232.84,suspended,
3509,S***,B***,s***@outlook.com,***-***-9347,1964-**-**,[MASKED ADDRESS],65928.75,active,2016-03-23
3510,D***,J***,d***@outlook.com,***-***-1160,1963-**-**,[MASKED ADDRESS],32215.74,suspended,2015-09-16
3511,A***,H***,a***@company.co.uk,,1973-**-**,[MASKED ADDRESS],152249.22,inactive,2017-03-25
3512,D***,W***,d***@yahoo.com,***-***-6245,1974-**-**,[MASKED ADDRESS],33393.27,inactive,
3513,[MISSING],H***,n***@gmail.com,***-***-9764,1963-**-**,[MASKED ADDRESS],84613.91,active,2017-02-12
3514,G***,d***,g***@outlook.com,***-***-0052,1971-**-**,[MASKED ADDRESS],71108.37,suspended,2024-08-17
3515,D***,T***,d***@mail.company.co.uk,,1983-**-**,[MASKED ADDRESS],109899.62,active,2021-03-15
3516,M***,W***,m***@outlook.com,***-***-1301,1965-**-**,[MASKED ADDRESS],246626.71,suspended,2023-11-30
3517,S***,J***,s***@company.co.uk,***-***-9097,1965-**-**,[MASKED ADDRESS],94246.19,active,2021-08-09
3518,A***,M***,a***@company.co.uk,***-***-9698,1959-**-**,[MASKED ADDRESS],180314.62,active,2021-07-25
3519,M***,M***,m***@outlook.com,***-***-0243,1999-**-**,[MASKED ADDRESS],209178.18,suspended,2022-01-29
3520,A***,A***,a***@yahoo.com,***-***-5695,1996-**-**,[MASKED ADDRESS],87900.57,active,2016-05-03
3521,A***,T***,a***@mail.company.co.uk,***-***-9691,1949-**-**,[MASKED ADDRESS],76657.56,inactive,2022-03-02
3522,P***,d***,p***@outlook.com,***-***-7821,1997-**-**,[MASKED ADDRESS],95345.12,active,2020-04-06
3523,D***,B***,d***@gmail.com,***-***-1818,,[MASKED ADDRESS],162963.58,suspended,2015-12-06
3524,T***,T***,t***@outlook.com,***-***-2846,1972-**-**,[MASKED ADDRESS],158676.53,active,2022-01-27
3525,S***,T***,s***@yahoo.com,***-***-4823,1985-**-**,[MASKED ADDRESS],221887.95,inactive,2022-04-24
3526,G***,H***,g***@gmail.com,***-***-1401,2005-**-**,[MASKED ADDRESS],167545.70,inactive,2024-10-26
3527,J***,O***,j***@gmail.com,***-***-0267,1975-**-**,[MASKED ADDRESS],209534.88,inactive,2017-11-22
3528,D***,[MISSING],n***@yahoo.com,***-***-7685,1951-**-**,[MASKED ADDRESS],36120.61,suspended,2021-03-31
3529,J***,J***,j***@outlook.com,***-***-7289,1941-**-**,[MASKED ADDRESS],26833.92,inactive,2015-10-22
3530,G***,H***,g***@outlook.com,***-***-4263,1952-**-**,[MASKED ADDRESS],68839.12,suspended,2021-09-01
3531,T***,T***,t***@gmail.com,***-***-3360,1944-**-**,[MASKED ADDRESS],227478.12,inactive,2023-08-09
3164,J***,D***,j***@company.co.uk,***-***-3166,1988-**-**,[MASKED ADDRESS],220598.07,suspended,2022-07-06
3533,J***,W***,j***@yahoo.com,***-***-1788,2000-**-**,[MASKED ADDRESS],221443.75,active,2023-03-18
3534,N***,M***,n***@company.co.uk,***-***-6717,1988-**-**,[MASKED ADDRESS],214248.30,suspended,2024-11-05
3535,M***,H***,m***@yahoo.com,***-***-4206,1998-**-**,,178290.57,inactive,2020-08-19
3536,J***,M***,j***@gmail.com,***-***-5072,1969-**-**,,249655.98,inactive,2021-11-28
3537,J***,O***,j***@yahoo.com,***-***-1815,1985-**-**,[MASKED ADDRESS],213120.31,inactive,2016-01-02
3538,M***,T***,m***@gmail.com,***-***-2160,1987-**-**,[MASKED ADDRESS],116906.04,active,2015-01-29
3539,M***,M***,m***@gmail.com,***-***-2712,1985-**-**,[MASKED ADDRESS],98428.26,active,2023-02-01
3540,L***,W***,l***@gmail.com,***-***-4047,1940-**-**,[MASKED ADDRESS],151424.50,suspended,2022-10-16
-272,D***,T***,d***@gmail.com,***-***-3724,1995-**-**,[MASKED ADDRESS],192790.46,active,2024-08-04
3542,C***,v***,c***@mail.company.co.uk,***-***-2360,2002-**-**,[MASKED ADDRESS],102711.94,inactive,2024-03-07
3543,E***,M***,e***@gmail.com,***-***-0466,1950-**-**,[MASKED ADDRESS],105727.77,suspended,2017-07-26
3544,J***,T***,j***@outlook.com,***-***-6606,1987-**-**,[MASKED ADDRESS],205986.37,suspended,2021-03-15
3545,D***,O***,d***@outlook.com,***-***-6794,1942-**-**,[MASKED ADDRESS],185321.73,inactive,2018-03-24
3546,J***,M***,j***@gmail.com,***-***-2048,1943-**-**,[MASKED ADDRESS],178015.06,inactive,2015-01-27
3547,M***,M***,m***@gmail.com,***-***-2463,1982-**-**,[MASKED ADDRESS],114569.49,inactive,2017-07-13
3548,H***,M***,m***@outlook.com,***-***-6088,1968-**-**,[MASKED ADDRESS],225684.86,suspended,2016-03-28
3549,O***,T***,o***@gmail.com,***-***-9585,1961-**-**,[MASKED ADDRESS],142199.79,inactive,2017-10-06
3550,N***,v***,n***@gmail.com,***-***-3961,1952-**-**,[MASKED ADDRESS],156567.71,active,2023-11-02
3551,J***,M***,,***-***-1513,1979-**-**,[MASKED ADDRESS],62635.54,suspended,2021-03-15
3552,N***,A***,n***@gmail.com,***-***-0932,1981-**-**,[MASKED ADDRESS],193103.11,suspended,2016-02-04
3553,O***,D***,o***@yahoo.com,***-***-3934,1959-**-**,[MASKED ADDRESS],167722.33,suspended,2021-03-15
3554,L***,D***,l***@outlook.com,***-***-9671,1973-**-**,[MASKED ADDRESS],60363.91,suspended,2015-11-23
3555,J***,N***,j***@outlook.com,***-***-6135,1995-**-**,[MASKED ADDRESS],224786.94,suspended,2018-12-09
3556,T***,M***,t***@yahoo.com,***-***-3723,1951-**-**,[MASKED ADDRESS],210251.48,suspended,2020-09-26
3557,D***,J***,d***@yahoo.com,***-***-1701,1942-**-**,[MASKED ADDRESS],222992.93,suspended,2015-09-16
3558,O***,d***,o***@gmail.com,***-***-0292,1985-**-**,[MASKED ADDRESS],194640.67,suspended,2020-10-28
3559,G***,J***,g***@mail.company.co.uk,***-***-7404,1993-**-**,[MASKED ADDRESS],80676.57,inactive,2017-03-28
3560,M***,U***,m***@yahoo.com,***-***-2379,1983-**-**,[MASKED ADDRESS],151969.00,inactive,2021-03-03
3561,N***,d***,n***@company.co.uk,***-***-6825,2004-**-**,[MASKED ADDRESS],223573.25,inactive,2020-02-06
3562,D***,M***,d***@outlook.com,***-***-8303,1946-**-**,[MASKED ADDRESS],0.00,active,2021-07-25
3563,S***,J***,s***@gmail.com,***-***-2732,1997-**-**,[MASKED ADDRESS],215696.72,suspended,2019-01-23
3564,O***,T***,t***@company.co.uk,***-***-1791,1968-**-**,[MASKED ADDRESS],65197.41,suspended,2022-02-15
3565,G***,J***,g***@gmail.com,***-***-7169,1962-**-**,[MASKED ADDRESS],21984.74,suspended,2017-04-26
3566,A***,M***,a***@company.co.uk,***-***-4730,1977-**-**,[MASKED ADDRESS],106936.79,suspended,2018-09-20
3567,D***,M***,d***@company.co.uk,***-***-5512,1986-**-**,[MASKED ADDRESS],46596.34,active,2019-09-15
3568,J***,M***,j***@gmail.com,***-***-7206,1949-**-**,[MASKED ADDRESS],200959.10,active,2021-08-13
3569,N***,D***,n***@outlook.com,***-***-7080,1980-**-**,[MASKED ADDRESS],69259.19,inactive,2018-06-28
3570,L***,T***,l***@yahoo.com,***-***-9831,1979-**-**,[MASKED ADDRESS],185145.47,inactive,2023-07-23
1286,G***,v***,g***@gmail.com,***-***-5508,1988-**-**,[MASKED ADDRESS],101451.77,active,2016-06-06
3572,C***,T***,c***@gmail.com,***-***-1111,2001-**-**,[MASKED ADDRESS],149260.17,suspended,2022-09-15
3573,M***,M***,m***@yahoo.com,***-***-8092,,[MASKED ADDRESS],247180.55,suspended,2015-10-16
3574,D***,D***,d***@yahoo.com,***-***-2455,2003-**-**,[MASKED ADDRESS],223013.68,active,2022-03-24
3575,S***,U***,s***@outlook.com,***-***-0188,1973-**-**,[MASKED ADDRESS],248758.73,active,2017-06-23
3576,S***,M***,s***@gmail.com,***-***-7557,1955-**-**,[MASKED ADDRESS],109713.91,inactive,2020-12-06
3577,D***,B***,d***@company.co.uk,***-***-9344,1996-**-**,[MASKED ADDRESS],0.00,suspended,2023-10-07
3578,L***,S***,l***@gmail.com,***-***-2431,1960-**-**,[MASKED ADDRESS],59381.56,banned,2016-06-30
3579,A***,v***,a***@gmail.com,***-***-8384,1998-**-**,[MASKED ADDRESS],205296.11,inactive,2019-03-15
3580,S***,M***,s***@yahoo.com,***-***-1011,1951-**-**,[MASKED ADDRESS],46900.04,inactive,2024-05-22
2447,E***,T***,e***@gmail.com,***-***-1382,1992-**-**,[MASKED ADDRESS],84836.33,active,2024-08-07
3582,A***,M***,a***@outlook.com,***-***-9355,1994-**-**,[MASKED ADDRESS],206530.99,active,2018-02-05
3583,S***,D***,s***@outlook.com,***-***-9172,1942-**-**,[MASKED ADDRESS],159796.43,active,2017-02-19
3584,D***,v***,d***@yahoo.com,***-***-2068,1997-**-**,[MASKED ADDRESS],115025.00,active,2021-03-15
3585,O***,T***,o***@gmail.com,***-***-2139,1958-**-**,[MASKED ADDRESS],18841.20,suspended,2021-03-15
3586,M***,J***,m***@gmail.com,***-***-5646,,[MASKED ADDRESS],90128.02,inactive,2021-03-15
3587,N***,B***,n***,***-***-9991,2003-**-**,[MASKED ADDRESS],117109.95,inactive,2024-06-16
3588,E***,N***,e***@yahoo.com,***-***-3144,,[MASKED ADDRESS],56430.76,active,2022-09-17
3589,N***,d***,n***@outlook.com,***-***-5868,2005-**-**,[MASKED ADDRESS],157341.53,active,2024-10-26
3590,D***,v***,d***@gmail.com,***-***-5984,1994-**-**,[MASKED ADDRESS],149026.60,suspended,2018-01-10
3591,M***,d***,m***@mail.company.co.uk,***-***-7181,1993-**-**,[MASKED ADDRESS],208540.83,suspended,2024-10-04
3592,D***,A***,d***@yahoo.com,***-***-5511,1990-**-**,[MASKED ADDRESS],220741.16,active,2021-03-15
3593,S***,J***,s***@gmail.com,***-***-4839,1957-**-**,[MASKED ADDRESS],171581.59,inactive,2021-05-11
3594,N***,D***,n***@yahoo.com,***-***-6276,1973-**-**,[MASKED ADDRESS],223463.41,inactive,2019-05-30
3595,N***,U***,n***@outlook.com,***-***-1897,1977-**-**,[MASKED ADDRESS],58163.70,suspended,2016-09-24
3596,T***,M***,t***@outlook.com,***-***-3378,1993-**-**,[MASKED ADDRESS],179376.98,active,2020-04-08
3597,J***,J***,j***@outlook.com,***-***-1635,2006-**-**,[MASKED ADDRESS],213823.61,suspended,2020-07-16
3598,S***,U***,s***@gmail.com,***-***-3321,1965-**-**,[MASKED ADDRESS],242468.90,inactive,2019-05-06
3599,T***,M***,t***@mail.company.co.uk,***-***-8107,1999-**-**,[MASKED ADDRESS],116633.38,suspended,2020-04-07
3600,J***,M***,j***@gmail.com,***-***-9537,1970-**-**,[MASKED ADDRESS],78657.76,active,2018-05-18
3601,J***,T***,j***@mail.company.co.uk,***-***-8509,1941-**-**,[MASKED ADDRESS],113166.41,inactive,2017-10-14
3602,J***,T***,j***@company.co.uk,***-***-2994,1995-**-**,[MASKED ADDRESS],,suspended,2019-01-08
3603,D***,T***,d***@outlook.com,***-***-6488,1997-**-**,[MASKED ADDRESS],97120.09,inactive,2024-01-27
3604,J***,N***,j***@gmail.com,***-***-4293,2000-**-**,[MASKED ADDRESS],194350.12,inactive,2017-06-01
3605,D***,M***,d***@outlook.com,***-***-8870,1820-**-**,[MASKED ADDRESS],90760.14,inactive,2021-03-15
3606,E***,J***,e***@yahoo.com,***-***-1810,1947-**-**,[MASKED ADDRESS],192233.91,suspended,2019-06-10
3607,M***,T***,j***@outlook.com,***-***-0555,1961-**-**,[MASKED ADDRESS],110202.62,active,2017-03-07
3.608E+00,M***,M***,m***@gmail.com,***-***-8762,1974-**-**,[MASKED ADDRESS],22808.93,inactive,2023-12-15
3609,G***,J***,g***@gmail.com,***-***-9456,1989-**-**,[MASKED ADDRESS],152734.93,inactive,2020-07-11
3610,S***,J***,s***@company.co.uk,***-***-6681,,[MASKED ADDRESS],68581.19,active,2018-03-05
3611,J***,H***,j***@gmail,***-***-4453,1943-**-**,[MASKED ADDRESS],145302.40,active,2022-05-24
3612,G***,W***,g***@yahoo.com,***-***-5671,1960-**-**,[MASKED ADDRESS],187868.50,suspended,2015-04-18
3613,J***,N***,j***@gmail.com,***-***-8316,1941-**-**,[MASKED ADDRESS],187714.57,inactive,2021-04-04
3614,N***,T***,n***@outlook.com,***-***-5707,2001-**-**,,137443.63,active,2015-04-28
3615,G***,M***,g***@outlook.com,***-***-6941,1942-**-**,[MASKED ADDRESS],156535.92,inactive,2024-04-07
3616,M***,A***,m***@yahoo.com,***-***-0135,1972-**-**,[MASKED ADDRESS],249600.20,inactive,2023-09-18
3617,N***,A***,n***@yahoo.com,***-***-9508,,[MASKED ADDRESS],37974.84,inactive,2021-03-15
3618,O***,U***,o***@gmail.com,***-***-1024,1999-**-**,[MASKED ADDRESS],42818.28,inactive,2016-06-15
3619,P***,J***,p***@company.co.uk,***-***-3812,1989-**-**,[MASKED ADDRESS],231416.48,active,2023-01-15
3620,T***,T***,t***@gmail.com,***-***-1659,1971-**-**,[MASKED ADDRESS],236303.04,suspended,2015-08-27
3621,J***,J***,,***-***-9946,1964-**-**,[MASKED ADDRESS],59677.03,inactive,2021-01-22
3622,S***,J***,s***@mail.company.co.uk,***-***-1155,2000-**-**,[MASKED ADDRESS],176652.47,active,2021-08-29
3623,L***,U***,l***@gmail.com,***-***-4595,2003-**-**,[MASKED ADDRESS],223423.52,suspended,2023-03-21
3624,A***,W***,a***@outlook.com,***-***-2607,1966-**-**,[MASKED ADDRESS],172387.01,inactive,2020-11-02
3625,M***,T***,m***@yahoo.com,***-***-3275,1958-**-**,[MASKED ADDRESS],156166.34,inactive,2015-09-04
3626,M***,D***,m***@gmail.com,***-***-5171,1999-**-**,[MASKED ADDRESS],54416.06,inactive,2024-12-05
3627,J***,A***,j***@mail.company.co.uk,***-***-2065,1971-**-**,[MASKED ADDRESS],238845.77,active,2018-12-05
3628,D***,H***,d***@yahoo.com,***-***-0770,1944-**-**,[MASKED ADDRESS],134295.09,suspended,2018-11-04
3629,P***,D***,p***@gmail.com,***-***-9114,2002-**-**,[MASKED ADDRESS],146657.01,suspended,2019-01-12
3630,M***,H***,m***@company.co.uk,***-***-7584,1972-**-**,[MASKED ADDRESS],209695.15,inactive,2015-10-14
3631,J***,T***,j***@gmail.com,***-***-0067,1977-**-**,[MASKED ADDRESS],48306.45,suspended,2017-06-08
3632,D***,H***,d***@outlook.com,***-***-6451,1973-**-**,[MASKED ADDRESS],106114.98,active,2017-08-08
3633,P***,M***,p***@x.com; p***@y.com,***-***-2146,1949-**-**,[MASKED ADDRESS],92503.34,active,2018-12-01
3634,T***,A***,t***@yahoo.com,***-***-2040,1984-**-**,[MASKED ADDRESS],45579.79,suspended,2021-12-09
3635,L***,W***,l***@company.co.uk,,1966-**-**,[MASKED ADDRESS],113938.73,active,2015-05-21
3636,D***,d***,d***@gmail.com,***-***-1606,2015-**-**,[MASKED ADDRESS],,inactive,2023-01-01
3637,D***,J***,d***@yahoo.com,***-***-9428,1958-**-**,[MASKED ADDRESS],43295.03,inactive,2018-07-12
3638,D***,H***,d***@gmail.com,***-***-2355,2004-**-**,[MASKED ADDRESS],128849.81,inactive,2023-10-19
3639,T***,J***,t***@company.co.uk,***-***-8188,1951-**-**,[MASKED ADDRESS],16476.85,suspended,2022-04-01
3640,J***,A***,j***@gmail.com,***-***-5375,1969-**-**,[MASKED ADDRESS],113659.87,active,2015-02-13
3641,S***,d***,s***@outlook.com,***-***-1574,2006-**-**,[MASKED ADDRESS],32602.91,active,2024-08-17
3642,M***,W***,m***@yahoo.com,***-***-7566,1943-**-**,[MASKED ADDRESS],176514.68,inactive,2021-03-15
3643,N***,M***,n***@gmail.com,***-***-5685,1989-**-**,[MASKED ADDRESS],202965.41,active,2021-12-14
3644,J***,U***,j***@company.co.uk,***-***-3938,1947-**-**,[MASKED ADDRESS],179045.62,inactive,2023-06-03
3645,[MISSING],d***,n***@gmail.com,***-***-2640,1978-**-**,[MASKED ADDRESS],166804.76,suspended,2017-08-16
3646,D***,T***,d***@outlook.com,***-***-1121,1988-**-**,[MASKED ADDRESS],208828.22,active,2015-11-10
3647,D***,W***,d***@company.co.uk,***-***-1558,1942-**-**,[MASKED ADDRESS],180410.73,active,2022-01-18
3648,M***,B***,m***@outlook.com,***-***-1757,1954-**-**,[MASKED ADDRESS],122070.42,inactive,2020-11-05
3649,J***,J***,j***@gmail.com,***-***-4657,1961-**-**,[MASKED ADDRESS],75117.86,suspended,2016-05-10
3650,T***,v***,t***@outlook.com,***-***-9767,1954-**-**,[MASKED ADDRESS],160152.01,active,2022-08-28
3651,A***,S***,a***@gmail.com,***-***-5833,1957-**-**,[MASKED ADDRESS],138951.16,suspended,2021-02-11
3652,M***,S***,m***@company.co.uk,***-***-7567,2003-**-**,[MASKED ADDRESS],126100.93,suspended,2021-04-20
3653,M***,d***,m***@gmail.com,***-***-9196,1950-**-**,[MASKED ADDRESS],182821.08,active,2018-05-03
3654,A***,M***,a***@company.co.uk,***-***-6534,1959-**-**,[MASKED ADDRESS],231997.92,suspended,2022-03-26
3655,C***,v***,c***@yahoo.com,***-***-7436,1973-**-**,[MASKED ADDRESS],34009.91,active,2023-10-17
3656,L***,O***,l***@company.co.uk,***-***-9487,1961-**-**,[MASKED ADDRESS],26431.16,suspended,2021-03-15
3657,C***,T***,c***@company.co.uk,***-***-8468,1956-**-**,[MASKED ADDRESS],21005.61,inactive,1990-01-01
3658,T***,B***,t***@mail.company.co.uk,***-***-7215,1942-**-**,[MASKED ADDRESS],42235.04,inactive,2024-06-22
3659,L***,T***,l***@yahoo.com,***-***-4812,1983-**-**,[MASKED ADDRESS],242050.83,unknown,2021-03-22
3660,D***,D***,d***@gmail.com,***-***-2347,1955-**-**,[MASKED ADDRESS],123675.66,suspended,2021-09-22
3661,S***,S***,s***@gmail.com,***-***-9548,2002-**-**,[MASKED ADDRESS],249214.44,inactive,2015-11-17
3662,L***,d***,l***@company.co.uk,***-***-6709,1985-**-**,[MASKED ADDRESS],167766.44,active,2018-10-29
3663,S***,v***,s***@mail.company.co.uk,***-***-6865,1945-**-**,[MASKED ADDRESS],223315.99,suspended,2018-07-05
3664,J***,D***,j***@company.co.uk,***-***-5135,1940-**-**,[MASKED ADDRESS],17242.00,active,2022-09-06
3665,G***,B***,g***@yahoo.com,***-***-2234,1991-**-**,[MASKED ADDRESS],166246.43,active,2015-04-02
3666,T***,J***,t***@outlook.com,***-***-2282,1970-**-**,[MASKED ADDRESS],212797.19,inactive,2019-02-08
3667,1***,v***,1***@company.co.uk,***-***-6951,1977-**-**,[MASKED ADDRESS],186258.90,suspended,2015-11-03
3668,D***,M***,d***@gmail.com,***-***-3960,2002-**-**,[MASKED ADDRESS],196959.02,active,2022-03-19
3669,J***,M***,j***@gmail.com,***-***-2306,1958-**-**,[MASKED ADDRESS],92961.17,suspended,2024-08-19
3670,T***,M***,t***@company.co.uk,***-***-2851,1948-**-**,[MASKED ADDRESS],212920.68,inactive,2021-03-15
3671,E***,J***,e***@mail.company.co.uk,***-***-4442,1982-**-**,[MASKED ADDRESS],,active,2017-10-01
3672,D***,M***,d***@yahoo.com,***-***-5579,1944-**-**,[MASKED ADDRESS],87809.97,inactive,2022-08-28
3674,J***,D***,j***@outlook.com,***-***-4680,1969-**-**,[MASKED ADDRESS],29388.88,active,2019-01-23
3675,L***,A***,l***@company.co.uk,***-***-3927,1986-**-**,[MASKED ADDRESS],133020.81,active,2020-07-01
3676,J***,M***,j***@company.co.uk,***-***-4136,1960-**-**,[MASKED ADDRESS],154314.04,active,2020-05-25
3677,T***,M***,t***@yahoo.com,***-***-2598,1943-**-**,[MASKED ADDRESS],38571.06,inactive,2018-06-04
3678,M***,M***,m***@gmail.com,***-***-1366,1991-**-**,[MASKED ADDRESS],245575.85,suspended,2016-10-21
3679,G***,d***,g***@outlook.com,***-***-0435,1994-**-**,[MASKED ADDRESS],79763.50,inactive,2021-08-30
3680,E***,[MISSING],a***@yahoo.com,***-***-3082,1960-**-**,[MASKED ADDRESS],177069.48,active,2021-03-15
3681,D***,W***,d***@company.co.uk,***-***-6883,1974-**-**,[MASKED ADDRESS],40162.33,active,2022-03-29
3682,G***,M***,g***@outlook.com,***-***-5492,1967-**-**,[MASKED ADDRESS],208119.06,suspended,2016-06-08
3683,L***,O***,l***@company.co.uk,***-***-6501,1996-**-**,[MASKED ADDRESS],161791.40,inactive,2021-01-20
3684,O***,N***,o***@company.co.uk,***-***-2769,1969-**-**,[MASKED ADDRESS],167686.12,active,2024-02-23
3685,L***,D***,l***@gmail.com,***-***-3131,1999-**-**,[MASKED ADDRESS],62366.96,suspended,2024-05-24
3686,S***,U***,s***@mail.company.co.uk,***-***-6313,2002-**-**,[MASKED ADDRESS],112607.90,suspended,2016-09-11
3687,J***,S***,j***@gmail.com,***-***-8705,1999-**-**,[MASKED ADDRESS],72615.07,active,2017-05-21
3688,O***,M***,,***-***-2642,1952-**-**,[MASKED ADDRESS],170994.89,inactive,2024-06-06
3689,D***,M***,d***@gmail.com,,1944-**-**,[MASKED ADDRESS],235483.43,inactive,2024-08-05
3690,N***,H***,n***@gmail.com,***-***-3295,2005-**-**,[MASKED ADDRESS],204975.82,active,2024-09-04
3691,D***,S***,d***@yahoo.com,***-***-7509,,[MASKED ADDRESS],171495.74,suspended,2017-05-27
3692,[MISSING],H***,n***@company.co.uk,***-***-3278,1953-**-**,[MASKED ADDRESS],64007.02,active,2017-05-17
3693,N***,D***,n***@yahoo.com,***-***-3802,1970-**-**,[MASKED ADDRESS],68508.16,active,2018-05-22
3694,D***,D***,,***-***-5529,1980-**-**,[MASKED ADDRESS],70953.12,active,2017-08-18
3695,M***,W***,m***@yahoo.com,***-***-6748,1978-**-**,[MASKED ADDRESS],83611.25,active,2016-02-25
3696,T***,T***,t***@mail.company.co.uk,***-***-9596,1978-**-**,[MASKED ADDRESS],242842.52,active,2020-02-07
3697,P***,O***,p***@outlook.com,***-***-4831,1999-**-**,[MASKED ADDRESS],135252.84,active,2023-04-24
3698,J***,T***,j***@outlook.com,***-***-5129,1998-**-**,[MASKED ADDRESS],144395.86,active,2023-05-18
3699,J***,M***,j***@gmail.com,***-***-5904,1956-**-**,[MASKED ADDRESS],94553.65,inactive,2020-06-11
3700,N***,d***,n***@gmail.com,***-***-6248,1978-**-**,[MASKED ADDRESS],248990.42,inactive,2024-06-07
3701,J***,A***,j***@company.co.uk,***-***-8073,,[MASKED ADDRESS],204332.53,inactive,2017-04-27
3702,E***,T***,e***@mail.company.co.uk,***-***-7047,1975-**-**,[MASKED ADDRESS],163040.00,active,2019-09-14
3703,I***,H***,,***-***-7070,1993-**-**,[MASKED ADDRESS],157801.84,inactive,
3704,N***,H***,n***@outlook.com,***-***-4991,1949-**-**,[MASKED ADDRESS],105201.29,active,2021-07-12
3705,N***,W***,n***@gmail.com,***-***-6188,1968-**-**,[MASKED ADDRESS],193532.71,inactive,2023-10-15
3706,M***,H***,m***@yahoo.com,***-***-1857,2015-**-**,[MASKED ADDRESS],177389.29,suspended,2023-01-01
3707,J***,O***,j***@outlook.com,***-***-0502,1998-**-**,[MASKED ADDRESS],117902.06,active,1994-02-08
3708,C***,S***,c***@gmail.com,***-***-7386,2002-**-**,[MASKED ADDRESS],34284.86,active,2019-11-23
3709,M***,D***,m***@yahoo.com,***-***-2867,1949-**-**,[MASKED ADDRESS],82446.49,suspended,2021-03-15
0,M***,O***,m***@mail.company.co.uk,***-***-0639,2006-**-**,[MASKED ADDRESS],44229.71,active,2018-11-20
3711,M***,v***,m***@yahoo.com,***-***-3447,1959-**-**,[MASKED ADDRESS],184106.92,inactive,2016-06-08
3712,G***,T***,g***@yahoo.com,***-***-3034,1947-**-**,[MASKED ADDRESS],161606.97,suspended,2022-06-06
3713,G***,M***,g***@yahoo.com,***-***-2734,1964-**-**,[MASKED ADDRESS],134951.99,active,2021-05-31
3714,M***,T***,m***@gmail.com,***-***-1660,1983-**-**,[MASKED ADDRESS],28138.12,active,2015-03-25
3715,J***,D***,j***@gmail.com,***-***-0524,1953-**-**,[MASKED ADDRESS],171018.92,inactive,2015-04-05
3716,J***,W***,j***@company.co.uk,***-***-9277,1963-**-**,[MASKED ADDRESS],136537.58,suspended,2022-04-24
3717,M***,M***,m***@gmail,***-***-2372,1992-**-**,[MASKED ADDRESS],197350.37,inactive,2023-05-14
3718,M***,M***,m***@company.co.uk,***-***-7755,1994-**-**,[MASKED ADDRESS],168490.32,inactive,2019-04-25
3719,D***,M***,d***@company.co.uk,***-***-0465,1957-**-**,[MASKED ADDRESS],170725.27,suspended,2021-10-08
3720,M***,T***,m***@gmail.com,***-***-0001,1969-**-**,[MASKED ADDRESS],153638.67,suspended,2018-10-30
3721,M***,J***,m***@yahoo.com,***-***-4093,1964-**-**,[MASKED ADDRESS],184783.96,active,2017-08-12
3722,S***,J***,s***@mail.company.co.uk,***-***-8861,1978-**-**,[MASKED ADDRESS],77103.16,inactive,2020-01-10
3723,J***,D***,j***@company.co.uk,***-***-5228,1946-**-**,[MASKED ADDRESS],37960.89,active,2024-03-10
3724,L***,W***,l***@outlook.com,***-***-6833,1965-**-**,[MASKED ADDRESS],54767.12,suspended,2016-09-02
3725,D***,N***,d***@gmail.com,***-***-4621,1979-**-**,[MASKED ADDRESS],85142.97,active,2021-08-11
3726,A***,M***,a***@gmail.com,***-***-2301,1973-**-**,[MASKED ADDRESS],175501.86,inactive,2015-10-28
3727,O***,A***,o***@company.co.uk,***-***-7734,1974-**-**,[MASKED ADDRESS],129125.96,active,2022-11-10
3728,O***,J***,o***@mail.company.co.uk,***-***-2911,1962-**-**,[MASKED ADDRESS],186395.17,active,2017-05-31
3729,E***,U***,e***@outlook.com,***-***-3367,1988-**-**,[MASKED ADDRESS],221427.10,suspended,2022-12-20
3730,A***,D***,a***,***-***-0751,1949-**-**,[MASKED ADDRESS],230934.50,inactive,2018-07-29
3731,J***,B***,j***@yahoo.com,***-***-7631,1958-**-**,[MASKED ADDRESS],219572.19,active,2024-06-01
3732,D***,B***,d***@company.co.uk,***-***-1710,1959-**-**,[MASKED ADDRESS],110156.73,suspended,2019-11-03
3733,M***,M***,m***@outlook.com,***-***-6668,1972-**-**,[MASKED ADDRESS],229034.98,active,2022-06-28
3734,S***,d***,s***@gmail.com,***-***-2518,1949-**-**,[MASKED ADDRESS],212123.40,inactive,2023-03-30
3735,P***,[MISSING],p***@gmail.com,***-***-2075,1985-**-**,[MASKED ADDRESS],215106.73,inactive,2022-11-11
3736,O***,D***,o***@company.co.uk,***-***-2380,1993-**-**,[MASKED ADDRESS],113643.90,inactive,2018-07-18
3737,D***,U***,,***-***-2212,1953-**-**,[MASKED ADDRESS],180168.84,inactive,2022-01-16
3738,E***,A***,e***@company.co.uk,***-***-0454,1951-**-**,[MASKED ADDRESS],81419.04,inactive,2023-04-27
3739,J***,T***,j***@outlook.com,***-***-5166,1950-**-**,[MASKED ADDRESS],51067.60,inactive,2018-05-28
3740,S***,S***,s***@outlook.com,***-***-9085,1978-**-**,[MASKED ADDRESS],66096.38,inactive,2017-07-17
3741,D***,D***,d***@mail.company.co.uk,***-***-4490,2002-**-**,[MASKED ADDRESS],121202.24,suspended,2023-01-15
3742,J***,W***,j***@gmail.com,***-***-5009,1980-**-**,[MASKED ADDRESS],82423.33,suspended,2016-02-12
3743,D***,S***,d***@company.co.uk,***-***-4057,1991-**-**,[MASKED ADDRESS],29510.06,active,2018-04-06
3744,M***,H***,m***@yahoo.com,***-***-6913,1993-**-**,[MASKED ADDRESS],186269.88,inactive,2022-05-16
3745,J***,U***,j***@company.co.uk,***-***-2490,1950-**-**,[MASKED ADDRESS],79686.92,active,2020-04-23
3746,[MISSING],M***,n***@outlook.com,***-***-0849,1988-**-**,[MASKED ADDRESS],128180.36,inactive,2015-12-10
3747,M***,v***,m***@outlook.com,***-***-4721,1978-**-**,[MASKED ADDRESS],198808.98,active,2023-06-10
3748,M***,A***,m***@gmail.com,,1948-**-**,[MASKED ADDRESS],177407.63,active,2015-09-22
3749,S***,N***,s***@company.co.uk,***-***-0414,1962-**-**,[MASKED ADDRESS],40680.58,suspended,2024-04-27
3750,P***,W***,p***@gmail.com,***-***-1272,1990-**-**,[MASKED ADDRESS],101381.14,inactive,2021-04-27
3751,D***,D***,d***@gmail.com,***-***-8012,1976-**-**,[MASKED ADDRESS],22644.38,suspended,2016-01-17
3752,O***,M***,o***@outlook.com,***-***-7104,1974-**-**,[MASKED ADDRESS],214926.22,active,2015-02-06
3753,M***,J***,m***@gmail.com,***-***-1527,1969-**-**,[MASKED ADDRESS],180427.51,inactive,2020-02-14
3754,J***,B***,j***@gmail.com,***-***-1001,1941-**-**,[MASKED ADDRESS],94921.30,active,2024-07-24
3755,J***,S***,j***@company.co.uk,***-***-6880,1989-**-**,[MASKED ADDRESS],27561.75,suspended,2015-02-01
3756,M***,H***,m***@outlook.com,***-***-7340,1958-**-**,[MASKED ADDRESS],27420.35,inactive,2027-01-01
3757,G***,A***,g***@yahoo.com,***-***-6141,1958-**-**,[MASKED ADDRESS],134213.25,inactive,2022-04-25
3758,P***,W***,p***@yahoo.com,***-***-1660,1971-**-**,[MASKED ADDRESS],29330.98,suspended,2016-02-14
3759,N***,D***,n***@mail.company.co.uk,***-***-1023,1996-**-**,[MASKED ADDRESS],97711.24,inactive,2022-12-08
3760,E***,B***,e***@gmail.com,***-***-3890,1991-**-**,[MASKED ADDRESS],38538.32,active,2021-05-17
3761,M***,H***,m***@gmail.com,***-***-7739,1973-**-**,[MASKED ADDRESS],157751.46,active,2019-08-22
3762,M***,W***,m***@gmail.com,***-***-3143,1947-**-**,[MASKED ADDRESS],95513.89,active,2019-02-23
3763,J***,d***,j***@company.co.uk,***-***-1729,1986-**-**,[MASKED ADDRESS],82138.64,active,2023-07-27
3764,D***,J***,d***@gmail.com,***-***-3688,1988-**-**,[MASKED ADDRESS],140289.88,inactive,2018-03-05
3765,T***,M***,t***@yahoo.com,***-***-6839,1956-**-**,[MASKED ADDRESS],172803.94,active,2017-05-05
3766,P***,v***,p***@yahoo.com,***-***-7748,1966-**-**,[MASKED ADDRESS],71706.53,inactive,2018-03-19
3767,N***,N***,n***@outlook.com,***-***-9659,1997-**-**,[MASKED ADDRESS],79273.81,inactive,2021-03-15
3768,S***,W***,s***@yahoo.com,***-***-1715,1978-**-**,[MASKED ADDRESS],150044.60,suspended,2015-05-04
3769,O***,M***,o***@company.co.uk,***-***-8201,1944-**-**,[MASKED ADDRESS],83553.24,active,2024-01-26
3770,H***,N***,n***@gmail.com,***-***-4065,1973-**-**,[MASKED ADDRESS],97131.59,inactive,2019-01-13
3771,D***,O***,d***@yahoo.com,***-***-1435,1999-**-**,[MASKED ADDRESS],58806.38,active,2022-04-19
3772,D***,J***,d***@gmail.com,***-***-0749,1986-**-**,[MASKED ADDRESS],154289.72,active,2024-11-04
3773,J***,J***,j***@mail.company.co.uk,***-***-7196,1941-**-**,[MASKED ADDRESS],208241.80,active,2019-12-21
3774,M***,v***,m***@gmail.com,***-***-3164,1983-**-**,[MASKED ADDRESS],234784.16,active,2019-11-16
3775,S***,U***,s***@company.co.uk,***-***-4805,2005-**-**,[MASKED ADDRESS],151327.14,suspended,2023-05-24
3776,E***,A***,e***@gmail.com,***-***-5815,1970-**-**,[MASKED ADDRESS],-7306.00,active,2022-09-22
3777,J***,J***,j***@company.co.uk,***-***-4094,1950-**-**,[MASKED ADDRESS],161636.90,inactive,2024-09-14
3778,G***,U***,g***@yahoo.com,***-***-8987,1950-**-**,[MASKED ADDRESS],83980.64,active,2020-09-24
3779,N***,J***,n***@gmail.com,***-***-2676,1980-**-**,[MASKED ADDRESS],188886.38,inactive,2024-05-24
3780,L***,B***,l***@outlook.com,***-***-5331,1968-**-**,[MASKED ADDRESS],-10329.00,suspended,2023-07-16
3781,D***,W***,d***@yahoo.com,***-***-9516,1961-**-**,[MASKED ADDRESS],42989.06,inactive,2017-03-12
-360,S***,d***,s***@yahoo.com,***-***-0558,1957-**-**,[MASKED ADDRESS],242604.20,suspended,2017-08-16
3783,D***,T***,d***@company.co.uk,***-***-8002,1988-**-**,[MASKED ADDRESS],245129.18,active,2021-11-12
3784,S***,W***,s***@gmail.com,***-***-5729,1944-**-**,[MASKED ADDRESS],224640.20,active,2022-10-01
3785,G***,T***,g***@yahoo.com,***-***-1397,2001-**-**,[MASKED ADDRESS],52628.47,suspended,2019-11-29
3786,D***,T***,d***@outlook.com,***-***-4649,1942-**-**,[MASKED ADDRESS],106586.11,inactive,
3787,M***,T***,m***@mail.company.co.uk,***-***-6677,,[MASKED ADDRESS],54835.32,active,2019-12-12
3788,S***,A***,s***@gmail.com,***-***-5190,1948-**-**,[MASKED ADDRESS],77061.98,active,2024-10-24
3789,D***,[MISSING],d***@gmail.com,***-***-1126,1956-**-**,[MASKED ADDRESS],165110.99,active,2023-10-31
3790,N***,H***,n***@company.co.uk,***-***-9361,1949-**-**,[MASKED ADDRESS],88319.00,inactive,2020-06-20
3791,C***,A***,c***@outlook.com,***-***-4289,1992-**-**,[MASKED ADDRESS],15458.36,suspended,2022-01-29
3792,D***,D***,d***@gmail,***-***-0327,1971-**-**,[MASKED ADDRESS],159409.27,suspended,2022-01-05
3793,S***,M***,s***@company.co.uk,***-***-0989,1974-**-**,[MASKED ADDRESS],122404.20,inactive,1990-01-01
3794,S***,W***,s***@company.co.uk,***-***-9010,1982-**-**,[MASKED ADDRESS],162631.45,suspended,2019-03-13
3795,E***,J***,e***@company.co.uk,***-***-9762,1991-**-**,[MASKED ADDRESS],141765.54,inactive,2016-11-01
3796,D***,W***,d***@mail.company.co.uk,***-***-8088,1979-**-**,[MASKED ADDRESS],195510.70,active,2024-12-22
3797,M***,H***,m***@company.co.uk,***-***-9680,1971-**-**,[MASKED ADDRESS],234108.80,suspended,2016-03-30
3798,J***,T***,j***@yahoo.com,***-***-0334,2004-**-**,[MASKED ADDRESS],17266.99,inactive,2017-05-29
3799,E***,W***,e***@yahoo.com,,1982-**-**,[MASKED ADDRESS],239051.65,suspended,2024-01-30
3800,C***,W***,c***@company.co.uk,***-***-9153,1959-**-**,[MASKED ADDRESS],16531.35,suspended,2016-01-15
3801,N***,M***,n***@outlook.com,***-***-6787,1956-**-**,[MASKED ADDRESS],193688.83,suspended,2024-10-18
3802,G***,W***,g***@company.co.uk,***-***-5348,1945-**-**,[MASKED ADDRESS],239221.43,inactive,2018-10-01
3803,J***,A***,j***@yahoo.com,***-***-6800,1966-**-**,[MASKED ADDRESS],162143.15,suspended,2021-11-01
3804,A***,T***,a***@company.co.uk,***-***-3924,1962-**-**,[MASKED ADDRESS],,suspended,2016-02-06
3805,L***,v***,l***@yahoo.com,***-***-2839,1946-**-**,[MASKED ADDRESS],81342.28,active,2016-06-09
3806,M***,d***,m***@company.co.uk,***-***-0237,1967-**-**,[MASKED ADDRESS],111591.32,suspended,2022-02-21
3807,D***,v***,d***@gmail.com,,1966-**-**,[MASKED ADDRESS],195693.97,suspended,2023-11-10
3808,N***,M***,****@gmail.com.nadia.moore,***-***-6360,1966-**-**,[MASKED ADDRESS],149850.61,inactive,
3809,C***,D***,c***@yahoo.com,***-***-8650,1950-**-**,[MASKED ADDRESS],143889.18,suspended,2020-07-09
3811,C***,M***,c***@gmail.com,***-***-7124,1943-**-**,[MASKED ADDRESS],141273.20,inactive,2017-02-11
3812,J***,M***,j***@gmail.com,***-***-8209,1944-**-**,[MASKED ADDRESS],159617.00,active,2020-12-02
3813,N***,D***,n***@yahoo.com,***-***-4534,1967-**-**,[MASKED ADDRESS],130003.33,suspended,2019-01-10
3814,J***,H***,j***@yahoo.com,***-***-3144,1959-**-**,[MASKED ADDRESS],17071.28,active,2020-05-11
3815,S***,H***,s***@gmail.com,***-***-7018,1941-**-**,[MASKED ADDRESS],148061.64,suspended,2016-05-14
3816,J***,D***,j***@outlook.com,***-***-9152,1984-**-**,[MASKED ADDRESS],87156.26,active,2018-05-07
3817,T***,H***,t***@company.co.uk,***-***-3613,1948-**-**,[MASKED ADDRESS],129254.30,active,2016-06-09
3818,C***,M***,c***@yahoo.com,***-***-5837,1980-**-**,[MASKED ADDRESS],178257.39,active,2027-01-01
3819,P***,M***,p***@yahoo.com,***-***-2240,1951-**-**,[MASKED ADDRESS],167875.20,suspended,2021-10-24
3820,E***,H***,e***@gmail.com,***-***-8589,1942-**-**,[MASKED ADDRESS],225033.90,inactive,2022-03-05
3821,N***,D***,n***@company.co.uk,***-***-0316,1963-**-**,[MASKED ADDRESS],210725.71,suspended,2023-07-04
3822,O***,v***,o***@mail.company.co.uk,***-***-5392,2004-**-**,[MASKED ADDRESS],,active,2023-09-02
3823,M***,d***,m***@gmail.com,***-***-3815,1946-**-**,[MASKED ADDRESS],120859.67,suspended,2016-08-27
3824,O***,S***,o***@outlook.com,***-***-4250,1983-**-**,[MASKED ADDRESS],156241.45,inactive,2017-09-25
3825,G***,M***,g***@outlook.com,***-***-0821,1981-**-**,[MASKED ADDRESS],132671.45,suspended,2020-11-04
3826,O***,U***,o***@company.co.uk,***-***-3339,1992-**-**,[MASKED ADDRESS],51730.17,inactive,2021-04-16
3827,J***,A***,j***@company.co.uk,***-***-6647,1955-**-**,[MASKED ADDRESS],200540.12,inactive,2023-05-10
3828,J***,D***,j***@outlook.com,***-***-7002,1952-**-**,[MASKED ADDRESS],17986.45,inactive,2021-06-07
3829,L***,W***,l***@outlook.com,***-***-7239,1974-**-**,[MASKED ADDRESS],226827.51,active,2015-01-22
3830,O***,H***,o***@outlook.com,***-***-0499,1997-**-**,[MASKED ADDRESS],95692.87,active,2016-07-30
3831,D***,D***,d***@outlook.com,***-***-3584,1989-**-**,[MASKED ADDRESS],240824.46,suspended,2017-04-06
3832,P***,M***,p***@yahoo.com,***-***-8583,1968-**-**,[MASKED ADDRESS],151733.04,inactive,2019-09-08
3833,G***,A***,g***@gmail.com,***-***-4637,1999-**-**,,32619.00,active,2027-01-01
3834,T***,U***,t***@company.co.uk,***-***-5789,1986-**-**,[MASKED ADDRESS],209379.92,active,2015-12-20
3835,S***,v***,s***@outlook.com,***-***-6051,1991-**-**,[MASKED ADDRESS],213974.24,active,2015-10-22
3836,M***,J***,m***@company.co.uk,***-***-0171,1971-**-**,[MASKED ADDRESS],246305.10,active,2024-11-13
3838,N***,B***,n***@company.co.uk,***-***-5893,1954-**-**,[MASKED ADDRESS],224401.10,suspended,2018-09-02
3839,S***,W***,s***@company.co.uk,***-***-9542,1981-**-**,[MASKED ADDRESS],105321.74,suspended,2022-09-19
3840,S***,N***,s***@outlook.com,***-***-6685,1952-**-**,[MASKED ADDRESS],103973.62,suspended,2016-04-21
3841,D***,U***,d***@gmail.com,***-***-8756,1991-**-**,[MASKED ADDRESS],103454.11,inactive,2022-06-13
3842,N***,S***,n***@gmail.com,***-***-1319,1982-**-**,[MASKED ADDRESS],237203.96,inactive,2022-11-19
3843,M***,M***,m***@company.co.uk,***-***-5572,2004-**-**,[MASKED ADDRESS],54983.64,active,2016-11-23
3844,M***,B***,m***@yahoo.com,***-***-4573,1941-**-**,[MASKED ADDRESS],73655.59,inactive,2016-09-15
3845,T***,U***,t***@company.co.uk,***-***-6932,1985-**-**,[MASKED ADDRESS],208676.94,active,2024-04-12
3846,T***,W***,t***@yahoo.com,***-***-1844,1992-**-**,[MASKED ADDRESS],168627.03,inactive,2015-11-29
3847,C***,N***,c***@company.co.uk,***-***-6267,1946-**-**,[MASKED ADDRESS],18784.00,active,2019-05-23
3848,O***,[MISSING],o***@yahoo.com,***-***-3677,1956-**-**,[MASKED ADDRESS],249917.76,inactive,2020-12-24
3849,A***,J***,a***@gmail.com,***-***-9426,1998-**-**,[MASKED ADDRESS],202818.40,inactive,2021-03-15
3850,A***,H***,a***@mail.company.co.uk,***-***-7205,1983-**-**,[MASKED ADDRESS],181265.40,active,2018-05-11
3851,N***,S***,n***@yahoo.com,***-***-2208,1957-**-**,[MASKED ADDRESS],164220.81,inactive,2019-01-08
3852,L***,U***,l***@gmail.com,***-***-3187,1940-**-**,[MASKED ADDRESS],236043.44,suspended,
3853,N***,M***,n***@yahoo.com,***-***-5750,1940-**-**,[MASKED ADDRESS],70218.01,active,2020-03-12
3854,C***,B***,c***@outlook.com,***-***-5068,1969-**-**,[MASKED ADDRESS],229394.02,inactive,2022-03-18
3855,M***,O***,m***@outlook.com,***-***-7054,2002-**-**,[MASKED ADDRESS],65458.91,suspended,2015-06-06
3856,D***,V***,d***@gmail.com,***-***-9402,1944-**-**,[MASKED ADDRESS],15111.48,inactive,2020-08-27
3857,T***,W***,t***@gmail.com,***-***-8762,2000-**-**,[MASKED ADDRESS],126964.84,active,2021-03-15
3858,M***,A***,m***@gmail.com,***-***-5192,2005-**-**,[MASKED ADDRESS],237632.87,inactive,2015-10-19
3859,S***,W***,s***@yahoo.com,***-***-1551,1987-**-**,[MASKED ADDRESS],99489.38,active,2020-06-16
3860,N***,J***,n***@mail.company.co.uk,***-***-6960,1944-**-**,[MASKED ADDRESS],55264.43,active,2021-03-15
3861,N***,H***,n***@gmail.com,***-***-2658,1987-**-**,[MASKED ADDRESS],161133.02,active,2020-08-07
3862,D***,J***,d***@yahoo.com,***-***-8006,1993-**-**,[MASKED ADDRESS],191727.12,suspended,2018-06-23
3863,M***,J***,m***@gmail.com,***-***-4563,1977-**-**,[MASKED ADDRESS],116829.37,suspended,2017-12-27
3864,J***,J***,j***@company.co.uk,***-***-4672,1962-**-**,[MASKED ADDRESS],245942.55,inactive,2019-02-01
3865,M***,M***,m***@mail.company.co.uk,***-***-5960,1995-**-**,[MASKED ADDRESS],134441.02,active,2017-10-29
3866,G***,D***,g***@yahoo.com,***-***-9617,1957-**-**,[MASKED ADDRESS],94266.07,suspended,2022-05-16
3867,O***,T***,o***@outlook.com,***-***-7323,1993-**-**,[MASKED ADDRESS],26943.12,inactive,2024-06-11
3868,G***,S***,g***@company.co.uk,***-***-5657,1998-**-**,[MASKED ADDRESS],191815.29,inactive,2022-05-28
3869,N***,H***,.***@x.com,***-***-7466,1973-**-**,[MASKED ADDRESS],234132.51,suspended,2015-10-28
3870,T***,D***,t***@gmail.com,***-***-7564,1950-**-**,[MASKED ADDRESS],165670.35,inactive,2021-04-06
3871,L***,W***,l***@gmail.com,,1991-**-**,[MASKED ADDRESS],158561.58,suspended,2024-08-29
3872,P***,W***,p***@outlook.com,***-***-9403,1952-**-**,[MASKED ADDRESS],48611.02,suspended,2018-01-02
3873,M***,D***,m***@yahoo.com,***-***-8890,1986-**-**,[MASKED ADDRESS],129705.47,active,2022-07-30
3874,G***,B***,g***@gmail.com,***-***-6511,1980-**-**,[MASKED ADDRESS],136181.03,active,2016-11-08
3875,[MISSING],v***,n***@company.co.uk,***-***-5116,1991-**-**,[MASKED ADDRESS],64880.41,suspended,2022-06-13
3876,G***,M***,g***@gmail.com,***-***-4902,1951-**-**,[MASKED ADDRESS],164242.84,active,2021-08-13
3877,D***,T***,d***@mail.company.co.uk,***-***-1697,1969-**-**,,64948.89,suspended,2022-06-25
3878,J***,H***,j***@yahoo.com,***-***-4874,1969-**-**,,137371.66,inactive,2024-11-18
3879,T***,O***,t***@yahoo.com,***-***-5669,1940-**-**,[MASKED ADDRESS],191860.44,active,2021-03-15
3880,E***,M***,e***@company.co.uk,***-***-3043,2000-**-**,[MASKED ADDRESS],169553.26,inactive,2015-04-14
3881,D***,U***,d***@mail.company.co.uk,***-***-8504,2004-**-**,[MASKED ADDRESS],119281.04,inactive,2021-03-15
3882,J***,D***,j***@outlook.com,***-***-4879,1951-**-**,[MASKED ADDRESS],29138.21,inactive,2017-02-05
3883,J***,S***,j***@company.co.uk,***-***-5506,1952-**-**,[MASKED ADDRESS],86508.97,suspended,2021-03-15
3884,D***,H***,d***@gmail.com,***-***-3470,1989-**-**,[MASKED ADDRESS],184797.77,active,2021-03-02
3885,M***,T***,m***@company.co.uk,***-***-8344,1983-**-**,[MASKED ADDRESS],128712.83,inactive,2018-02-14
3886,T***,v***,t***@yahoo.com,***-***-2378,1942-**-**,[MASKED ADDRESS],84872.51,active,2019-11-13
3887,T***,J***,t***@yahoo.com,***-***-0412,1995-**-**,[MASKED ADDRESS],69453.90,suspended,2022-07-24
3888,[MISSING],O***,u***@company.co.uk,***-***-4800,1983-**-**,[MASKED ADDRESS],136311.58,active,2015-08-03
3889,E***,N***,e***@gmail.com,***-***-4386,1980-**-**,[MASKED ADDRESS],241635.90,suspended,2018-01-27
3890,J***,v***,j***@gmail.com,***-***-0854,1993-**-**,[MASKED ADDRESS],163231.50,inactive,2022-09-23
3891,S***,S***,s***@gmail.com,***-***-1799,1998-**-**,[MASKED ADDRESS],144499.26,suspended,1994-02-08
3892,N***,T***,n***@company.co.uk,***-***-7174,1958-**-**,[MASKED ADDRESS],243611.81,suspended,2020-06-02
3893,E***,v***,e***@company.co.uk,***-***-0136,1942-**-**,[MASKED ADDRESS],34168.21,active,2021-03-15
3894,N***,J***,n***@outlook.com,***-***-7922,1956-**-**,[MASKED ADDRESS],184296.07,active,2021-03-15
3895,O***,M***,o***@yahoo.com,***-***-0219,1995-**-**,[MASKED ADDRESS],205554.64,active,2023-07-10
0,C***,O***,c***@gmail.com,***-***-0522,1985-**-**,[MASKED ADDRESS],185857.76,suspended,2022-04-27
3898,D***,W***,d***@gmail.com,***-***-2213,1984-**-**,[MASKED ADDRESS],237738.64,inactive,2024-09-28
3899,M***,S***,m***@gmail.com,***-***-6868,1983-**-**,[MASKED ADDRESS],71965.81,inactive,2017-06-16
3900,M***,J***,m***@gmail.com,***-***-3482,1969-**-**,[MASKED ADDRESS],236415.69,inactive,2023-02-26
3901,A***,J***,a***@yahoo.com,,1999-**-**,[MASKED ADDRESS],45168.58,suspended,2024-10-25
3902,L***,T***,l***@x.com; l***@y.com,,1991-**-**,[MASKED ADDRESS],146035.87,suspended,2023-04-21
3903,M***,D***,m***@gmail.com,***-***-9188,1955-**-**,[MASKED ADDRESS],196093.25,active,2021-03-15
3905,D***,T***,d***@outlook.com,***-***-5743,1971-**-**,[MASKED ADDRESS],247253.71,active,2022-02-12
3906,G***,U***,g***@gmail.com,***-***-4493,1940-**-**,[MASKED ADDRESS],87690.23,inactive,2021-03-15
3907,A***,d***,a***@yahoo.com,***-***-8428,1962-**-**,[MASKED ADDRESS],194355.61,suspended,2022-07-20
3908,[MISSING],T***,?***@gmail.com,***-***-1485,1989-**-**,[MASKED ADDRESS],230764.53,active,2016-07-08
3909,J***,J***,j***@outlook.com,***-***-5943,1940-**-**,[MASKED ADDRESS],95488.73,suspended,2019-04-23
3910,A***,M***,a***@company.co.uk,***-***-7383,1960-**-**,[MASKED ADDRESS],144123.74,suspended,2020-03-28
3911,P***,D***,p***@gmail.com,***-***-4762,,[MASKED ADDRESS],105620.45,suspended,2022-02-25
3.912E+00,L***,B***,l***@yahoo.com,***-***-8328,1995-**-**,[MASKED ADDRESS],242672.96,inactive,2021-10-10
3913,C***,W***,c***@mail.company.co.uk,***-***-0968,1995-**-**,[MASKED ADDRESS],161704.09,suspended,2019-08-14
3914,D***,v***,d***@company.co.uk,***-***-4763,1989-**-**,[MASKED ADDRESS],40818.67,active,2021-12-16
3915,A***,B***,a***@company.co.uk,***-***-8802,1963-**-**,[MASKED ADDRESS],190472.98,inactive,2022-05-17
3916,A***,U***,a***@mail.company.co.uk,***-***-0473,1996-**-**,[MASKED ADDRESS],72794.22,inactive,2023-03-21
3917,M***,W***,m***@outlook.com,***-***-4181,1970-**-**,[MASKED ADDRESS],96148.44,suspended,2022-07-17
3918,D***,J***,d***@gmail.com,***-***-2243,1988-**-**,[MASKED ADDRESS],243469.41,inactive,2015-02-14
3919,D***,d***,d***@yahoo.com,***-***-8072,1997-**-**,[MASKED ADDRESS],122984.05,suspended,2023-08-23
3920,M***,B***,m***,,1948-**-**,[MASKED ADDRESS],141436.54,active,2015-05-22
3921,D***,J***,d***@company.co.uk,***-***-6824,1970-**-**,[MASKED ADDRESS],238941.20,suspended,2022-06-14
3922,N***,S***,n***@yahoo.com,***-***-7992,1994-**-**,[MASKED ADDRESS],62396.12,active,2018-03-29
3923,G***,W***,g***@company.co.uk,***-***-4684,1983-**-**,[MASKED ADDRESS],-7872.00,active,2021-08-04
3924,M***,S***,m***@company.co.uk,***-***-4629,1993-**-**,[MASKED ADDRESS],,suspended,2015-04-01
3925,J***,O***,j***@gmail.com,***-***-4752,1961-**-**,[MASKED ADDRESS],197307.53,active,2020-02-27
3926,J***,U***,j***@gmail.com,***-***-8753,,[MASKED ADDRESS],,active,2022-07-11
3927,L***,H***,l***@mail.company.co.uk,***-***-2395,1945-**-**,[MASKED ADDRESS],156403.91,inactive,1990-01-01
3928,M***,T***,m***@yahoo.com,,1996-**-**,[MASKED ADDRESS],0.00,active,2021-03-13
3929,G***,D***,g***@yahoo.com,***-***-2163,1968-**-**,[MASKED ADDRESS],218387.74,inactive,2020-06-17
3930,L***,N***,l***@gmail.com,***-***-8235,1984-**-**,[MASKED ADDRESS],134409.36,inactive,2018-06-24
3931,G***,S***,g***@mail.company.co.uk,***-***-3566,2004-**-**,[MASKED ADDRESS],98082.26,inactive,
3932,D***,W***,d***@outlook.com,***-***-6515,1945-**-**,[MASKED ADDRESS],38040.14,active,2021-03-15
3933,S***,U***,s***@yahoo.com,***-***-4276,1976-**-**,[MASKED ADDRESS],92094.86,active,2024-01-01
3934,M***,M***,m***@gmail.com,***-***-4767,1956-**-**,[MASKED ADDRESS],58007.20,suspended,2016-09-30
3935,C***,M***,c***@yahoo.com,***-***-2526,1989-**-**,[MASKED ADDRESS],155190.18,active,2022-03-04
3936,J***,A***,j***@outlook.com,***-***-3431,1941-**-**,[MASKED ADDRESS],64107.07,suspended,2016-11-20
3937,N***,J***,n***@yahoo.com,***-***-9615,1963-**-**,[MASKED ADDRESS],203656.17,active,2016-10-24
3938,G***,M***,g***@yahoo.com,***-***-0786,1998-**-**,[MASKED ADDRESS],36860.54,inactive,2020-12-26
3939,J***,A***,j***@gmail.com,***-***-5267,1980-**-**,[MASKED ADDRESS],51783.57,active,2024-04-15
3940,A***,M***,a***@gmail.com,***-***-4552,2001-**-**,[MASKED ADDRESS],68766.98,suspended,2018-12-17
3941,J***,W***,j***@outlook.com,***-***-3368,1954-**-**,[MASKED ADDRESS],21987.62,active,2021-10-01
3942,M***,A***,m***@gmail.com,***-***-2300,1943-**-**,[MASKED ADDRESS],203731.61,active,2016-12-29
3943,G***,S***,g***@company.co.uk,***-***-0311,1944-**-**,[MASKED ADDRESS],200416.14,suspended,2015-10-17
3944,C***,M***,c***@company.co.uk,***-***-2554,2001-**-**,[MASKED ADDRESS],129788.26,active,2022-07-03
3945,C***,T***,c***@mail.company.co.uk,***-***-4773,1961-**-**,[MASKED ADDRESS],10000000.00,suspended,2023-12-16
3946,O***,U***,o***@gmail.com,***-***-7564,1999-**-**,[MASKED ADDRESS],,suspended,2021-03-15
3947,P***,N***,p***@gmail.com,***-***-6180,1942-**-**,[MASKED ADDRESS],90094.08,suspended,2023-11-23
3948,J***,v***,j***@outlook.com,***-***-4763,1984-**-**,[MASKED ADDRESS],31979.94,active,2017-11-14
3949,N***,B***,n***@company.co.uk,***-***-4988,1990-**-**,[MASKED ADDRESS],85755.00,suspended,2016-08-23
3950,D***,N***,d***@mail.company.co.uk,***-***-8652,1979-**-**,[MASKED ADDRESS],,0,2016-04-15
3951,L***,T***,l***@company.co.uk,***-***-2577,2005-**-**,[MASKED ADDRESS],139059.35,suspended,2018-07-20
3952,O***,D***,o***@gmail.com,,1954-**-**,[MASKED ADDRESS],39948.75,active,2016-06-20
3953,A***,J***,a***@yahoo.com,***-***-8372,1941-**-**,[MASKED ADDRESS],183185.92,inactive,2022-05-03
3954,S***,W***,s***@outlook.com,***-***-0863,1958-**-**,[MASKED ADDRESS],234319.94,inactive,2016-06-27
3955,S***,W***,s***@yahoo.com,***-***-4497,1958-**-**,[MASKED ADDRESS],32095.50,suspended,2020-10-31
3956,E***,v***,e***@gmail.com,***-***-9970,1990-**-**,[MASKED ADDRESS],211767.92,active,2018-10-08
3957,D***,U***,d***@company.co.uk,***-***-4634,1963-**-**,[MASKED ADDRESS],213415.99,inactive,2024-10-08
3958,N***,D***,n***@gmail.com,***-***-1553,1995-**-**,[MASKED ADDRESS],106774.40,suspended,2018-06-01
3959,M***,J***,m***@outlook.com,***-***-4297,1962-**-**,[MASKED ADDRESS],56474.96,active,2017-11-11
3960,D***,M***,d***@x.com,***-***-5714,1959-**-**,[MASKED ADDRESS],238374.64,inactive,2023-09-25
3961,M***,O***,m***@mail.company.co.uk,***-***-1967,1985-**-**,[MASKED ADDRESS],61958.56,active,2024-07-30
3962,N***,O***,n***@company.co.uk,***-***-4369,2005-**-**,[MASKED ADDRESS],88860.86,inactive,2024-02-26
3963,N***,B***,n***@company.co.uk,***-***-5769,1975-**-**,[MASKED ADDRESS],166283.75,active,2015-06-19
-729,S***,M***,s***@company.co.uk,***-***-7741,1950-**-**,[MASKED ADDRESS],128512.71,suspended,2022-08-12
3965,D***,N***,d***@company.co.uk,***-***-8122,1962-**-**,[MASKED ADDRESS],144115.41,suspended,2021-03-15
3966,A***,D***,a***@outlook.com,***-***-8374,1971-**-**,[MASKED ADDRESS],56714.92,inactive,2019-12-27
3967,S***,M***,s***@gmail.com,***-***-1451,1974-**-**,[MASKED ADDRESS],65429.77,suspended,2019-09-03
3968,J***,A***,j***@yahoo.com,***-***-4959,1967-**-**,,92997.09,active,2021-03-15
3969,C***,U***,c***@gmail.com,***-***-8988,2005-**-**,[MASKED ADDRESS],124901.07,active,2019-03-19
3970,L***,M***,l***@gmail.com,***-***-3656,1994-**-**,[MASKED ADDRESS],54663.50,active,2019-01-09
3971,M***,J***,m***@mail.company.co.uk,***-***-5046,1980-**-**,[MASKED ADDRESS],60474.70,suspended,2022-07-11
3972,S***,S***,s***@yahoo.com,***-***-6445,1993-**-**,[MASKED ADDRESS],143540.85,active,2024-11-03
3973,P***,T***,p***@yahoo.com,,1984-**-**,[MASKED ADDRESS],103569.97,suspended,2021-01-28
3974,T***,N***,t***@yahoo.com,***-***-1874,1954-**-**,[MASKED ADDRESS],168848.11,suspended,2022-04-12
3975,M***,B***,m***@outlook.com,***-***-4051,2006-**-**,[MASKED ADDRESS],228276.07,inactive,2021-03-15
3976,G***,D***,g***@yahoo.com,***-***-9999,2002-**-**,[MASKED ADDRESS],115989.70,suspended,2015-08-16
3977,E***,J***,e***@company.co.uk,,1984-**-**,[MASKED ADDRESS],113770.53,inactive,2015-09-01
3978,T***,U***,t***@yahoo.com,***-***-3781,1987-**-**,[MASKED ADDRESS],,inactive,2019-05-17
3979,J***,J***,j***@company.co.uk,***-***-7759,1959-**-**,[MASKED ADDRESS],125596.14,inactive,2024-09-23
3980,S***,M***,s***@gmail.com,***-***-9024,1960-**-**,[MASKED ADDRESS],66164.08,suspended,2021-03-15
3981,D***,M***,d***@gmail.com,***-***-5040,1944-**-**,[MASKED ADDRESS],23252.65,suspended,2023-01-03
3982,N***,M***,n***@yahoo.com,***-***-1605,1980-**-**,[MASKED ADDRESS],85487.18,inactive,2021-08-18
3983,S***,[MISSING],s***@gmail.com,***-***-2624,1968-**-**,[MASKED ADDRESS],110906.17,unknown,
3984,N***,A***,n***@company.co.uk,***-***-0823,1976-**-**,[MASKED ADDRESS],23559.54,active,2019-03-11
3985,M***,M***,m***@company.co.uk,***-***-9794,1977-**-**,[MASKED ADDRESS],36964.26,active,2017-10-05
3986,D***,T***,d***@yahoo.com,***-***-6494,1987-**-**,[MASKED ADDRESS],31756.61,active,2022-12-20
3987,O***,O***,o***@company.co.uk,***-***-7503,1977-**-**,[MASKED ADDRESS],188484.37,suspended,2024-02-01
3988,A***,J***,a***@gmail.com,***-***-8665,1961-**-**,[MASKED ADDRESS],176077.68,inactive,2017-05-31
3989,D***,d***,d***@gmail.com,***-***-7615,1989-**-**,[MASKED ADDRESS],212183.21,active,2021-11-18
3990,N***,B***,n***@company.co.uk,***-***-8253,1949-**-**,[MASKED ADDRESS],54857.85,inactive,2015-09-19
3991,M***,H***,m***@gmail.com,***-***-6028,2006-**-**,[MASKED ADDRESS],33079.01,active,2024-06-16
3992,O***,N***,o***@yahoo.com,***-***-6577,2003-**-**,[MASKED ADDRESS],154642.17,suspended,2018-07-25
3994,S***,M***,s***@outlook.com,***-***-1850,1958-**-**,[MASKED ADDRESS],,inactive,2017-06-14
3995,J***,v***,j***@yahoo.com,***-***-4453,2015-**-**,[MASKED ADDRESS],27471.83,suspended,2023-01-01
3996,A***,J***,a***@company.co.uk,***-***-3798,1941-**-**,[MASKED ADDRESS],141042.72,inactive,2024-10-26
3997,O***,D***,o***@x.com; o***@y.com,***-***-4486,,[MASKED ADDRESS],240300.37,inactive,2021-10-31
3998,D***,B***,d***@yahoo.com,***-***-7973,1980-**-**,[MASKED ADDRESS],242380.45,inactive,2016-06-10
3999,M***,U***,m***@outlook.com,***-***-5226,,[MASKED ADDRESS],102237.68,suspended,2021-01-24
4000,J***,S***,j***@gmail.com,***-***-7238,1991-**-**,[MASKED ADDRESS],46278.94,suspended,2023-10-28
